Aalders Landing,Nova Scotia
Abercrombie,Nova Scotia
Aberdeen,Nova Scotia
Abrams River,Nova Scotia
Acaciaville,Nova Scotia
Academy,Nova Scotia
Addington Forks,Nova Scotia
Admiral Rock,Nova Scotia
Advocate Harbour,Nova Scotia
Afton,Nova Scotia
Afton Station,Nova Scotia
Ainslie Glen,Nova Scotia
Alba,Nova Scotia
Albany,Nova Scotia
Albany Cross,Nova Scotia
Albany New,Nova Scotia
Albert Bridge,Nova Scotia
Albro Lake,Nova Scotia
Alderney Point,Nova Scotia
Alder Plains,Nova Scotia
Alder Point,Nova Scotia
Alder River,Nova Scotia
Aldershot,Nova Scotia
Aldersville,Nova Scotia
Allains Creek,Nova Scotia
Allendale,Nova Scotia
Allen Heights,Nova Scotia
Allen Hill,Nova Scotia
Allenville,Nova Scotia
Allison Lake,Nova Scotia
Alma,Nova Scotia
Alpena,Nova Scotia
Alpine Ridge,Nova Scotia
Alton,Nova Scotia
Amherst,Nova Scotia
Amherst Head,Nova Scotia
Amherst Point,Nova Scotia
Amherst Shore,Nova Scotia
Amiraults Corner,Nova Scotia
Amiraults Hill,Nova Scotia
Anderson Mountain,Nova Scotia
Angevine Lake,Nova Scotia
Annapolis Royal,Nova Scotia
Antigonish,Nova Scotia
Antigonish Harbour,Nova Scotia
Antigonish Landing,Nova Scotia
Antrim,Nova Scotia
Apple River,Nova Scotia
Arcadia,Nova Scotia
Archibalds Mill,Nova Scotia
Ardness,Nova Scotia
Ardoise,Nova Scotia
Argyle,Nova Scotia
Argyle,Nova Scotia
Argyle Head,Nova Scotia
Argyle Sound,Nova Scotia
Arichat,Nova Scotia
Arisaig,Nova Scotia
Arlington,Nova Scotia
Arlington East,Nova Scotia
Arlington West,Nova Scotia
Armdale,Nova Scotia
Armstrong Lake,Nova Scotia
Ashby,Nova Scotia
Ashdale,Nova Scotia
Ashdale,Nova Scotia
Ashfield,Nova Scotia
Ashmore,Nova Scotia
Askilton,Nova Scotia
Aspen,Nova Scotia
Aspotogan,Nova Scotia
Aspy Bay,Nova Scotia
Athol,Nova Scotia
Athol Road,Nova Scotia
Athol Station,Nova Scotia
Atkinson,Nova Scotia
Atlanta,Nova Scotia
Atlantic,Nova Scotia
Atwoods Brook,Nova Scotia
Auburn,Nova Scotia
Auburndale,Nova Scotia
Aulds Cove,Nova Scotia
Avondale,Nova Scotia
Avondale,Nova Scotia
Avondale Station,Nova Scotia
Avonport,Nova Scotia
Avonport Station,Nova Scotia
Aylesford,Nova Scotia
Aylesford East,Nova Scotia
Aylesford Lake,Nova Scotia
Aylesford Mountain,Nova Scotia
Baccaro,Nova Scotia
Back Centre,Nova Scotia
Back Settlement,Nova Scotia
Baddeck,Nova Scotia
Baddeck Bay,Nova Scotia
Baddeck Bridge,Nova Scotia
Baileys Brook,Nova Scotia
Bakers Settlement,Nova Scotia
Bald Rock,Nova Scotia
Baleine,Nova Scotia
Balfron,Nova Scotia
Ballantynes Cove,Nova Scotia
Balls Creek,Nova Scotia
Balmoral,Nova Scotia
Balmoral Mills,Nova Scotia
Bangor,Nova Scotia
Bangs Falls,Nova Scotia
Barkhouse Settlement,Nova Scotia
Barneys Brook,Nova Scotia
Barneys River Station,Nova Scotia
Barrachois,Nova Scotia
Barrachois,Nova Scotia
Barrachois Harbour,Nova Scotia
Barra Glen,Nova Scotia
Barra Head,Nova Scotia
Barren Hill,Nova Scotia
Barrington,Nova Scotia
Barrington Head,Nova Scotia
Barrington Passage,Nova Scotia
Barrington West,Nova Scotia
Barrio Lake,Nova Scotia
Barrios Beach,Nova Scotia
Barronsfield,Nova Scotia
Barr Settlement,Nova Scotia
Barrys Corner,Nova Scotia
Barss Corner,Nova Scotia
Barton,Nova Scotia
Basin Road,Nova Scotia
Bass River,Nova Scotia
Bateston,Nova Scotia
Baxters Harbour,Nova Scotia
Bayers Settlement,Nova Scotia
Bayfield,Nova Scotia
Bayfield Road,Nova Scotia
Bayhead,Nova Scotia
Bayport,Nova Scotia
Bay Road Valley,Nova Scotia
Bay Saint Lawrence,Nova Scotia
Bayside,Nova Scotia
Bayswater,Nova Scotia
Bay View,Nova Scotia
Bay View,Nova Scotia
Beach Meadows,Nova Scotia
Beaconsfield,Nova Scotia
Bear Cove,Nova Scotia
Bear Cove,Nova Scotia
Bear Point,Nova Scotia
Bear River,Nova Scotia
Bear River East,Nova Scotia
Bear River Station,Nova Scotia
Beauly,Nova Scotia
Beaver Bank,Nova Scotia
Beaver Bank Villa,Nova Scotia
Beaver Brook,Nova Scotia
Beaver Cove,Nova Scotia
Beaver Dam,Nova Scotia
Beaverdam Lake,Nova Scotia
Beaver Harbour,Nova Scotia
Beaver Meadow,Nova Scotia
Beaver Mountain,Nova Scotia
Beaver River,Nova Scotia
Beckwith,Nova Scotia
Bedford,Nova Scotia
Beecham Settlement,Nova Scotia
Beech Hill,Nova Scotia
Beech Hill,Nova Scotia
Beech Hill Farms,Nova Scotia
Beechmont,Nova Scotia
Beechmont North,Nova Scotia
Beechville,Nova Scotia
Beechwood Park,Nova Scotia
Beinn Bhreagh,Nova Scotia
Beinn Scalpie,Nova Scotia
Bel Ayr Park,Nova Scotia
Belcher Street,Nova Scotia
Belgiumtown,Nova Scotia
Belle Côte,Nova Scotia
Belleisle,Nova Scotia
Belle-Marche,Nova Scotia
Belleville,Nova Scotia
Belleville North,Nova Scotia
Belleville South,Nova Scotia
Belliveaus Cove,Nova Scotia
Bell Lakes,Nova Scotia
Bell Neck,Nova Scotia
Belmont,Nova Scotia
Belmont,Nova Scotia
Belnan,Nova Scotia
Benacadie,Nova Scotia
Benacadie Pond,Nova Scotia
Benacadie West,Nova Scotia
Ben Eoin,Nova Scotia
Benjamins Mill,Nova Scotia
Bennett Bay,Nova Scotia
Berichan,Nova Scotia
Berwick,Nova Scotia
Berwick North,Nova Scotia
Berwick West,Nova Scotia
Bible Hill,Nova Scotia
Bickerton West,Nova Scotia
Big Baddeck,Nova Scotia
Big Bank,Nova Scotia
Big Barren,Nova Scotia
Big Beach,Nova Scotia
Big Bras d'Or,Nova Scotia
Big Brook,Nova Scotia
Big Brook,Nova Scotia
Big Farm,Nova Scotia
Big Glace Bay,Nova Scotia
Big Glen,Nova Scotia
Big Glen,Nova Scotia
Big Harbour,Nova Scotia
Big Harbour Centre,Nova Scotia
Big Harbour Island,Nova Scotia
Big Hill,Nova Scotia
Big Intervale,Nova Scotia
Big Intervale Cape North,Nova Scotia
Big Island,Nova Scotia
Big LaHave Lake,Nova Scotia
Big Lake,Nova Scotia
Big Lorraine,Nova Scotia
Big Lots,Nova Scotia
Big Marsh,Nova Scotia
Big Marsh,Nova Scotia
Big Molly Upsim Lake,Nova Scotia
Bigney,Nova Scotia
Big Pond,Nova Scotia
Big Pond Centre,Nova Scotia
Big Ridge,Nova Scotia
Big Ridge South,Nova Scotia
Big Tracadie,Nova Scotia
Billtown,Nova Scotia
Birch Cove,Nova Scotia
Birch Grove,Nova Scotia
Birch Hill,Nova Scotia
Birch Hill,Nova Scotia
Birch Plain,Nova Scotia
Birchtown,Nova Scotia
Birchwood,Nova Scotia
Birchy Head,Nova Scotia
Bishopville,Nova Scotia
Black Avon,Nova Scotia
Black Brook,Nova Scotia
Black Brook,Nova Scotia
Black Brook,Nova Scotia
Blacketts Lake,Nova Scotia
Black Georges Savannah,Nova Scotia
Black Point,Nova Scotia
Black Point,Nova Scotia
Black Point,Nova Scotia
Black River,Nova Scotia
Black River,Nova Scotia
Black River,Nova Scotia
Black River Lake,Nova Scotia
Black River Road,Nova Scotia
Black Rock,Nova Scotia
Black Rock,Nova Scotia
Black Rock,Nova Scotia
Black Rock,Nova Scotia
Blackstone,Nova Scotia
Blanchard Road,Nova Scotia
Blanche,Nova Scotia
Blandford,Nova Scotia
Blanket Hill,Nova Scotia
Blind Bay,Nova Scotia
Blockhouse,Nova Scotia
Blomidon,Nova Scotia
Bloomfield,Nova Scotia
Bloomington,Nova Scotia
Blue Mountain,Nova Scotia
Blue Mountain,Nova Scotia
Blue Rocks,Nova Scotia
Blue Sac Road,Nova Scotia
Blue Sea Corner,Nova Scotia
Blues Mills,Nova Scotia
Boisdale,Nova Scotia
Borgels Point,Nova Scotia
Borneo,Nova Scotia
Boudreauville,Nova Scotia
Boularderie,Nova Scotia
Boularderie Centre,Nova Scotia
Boularderie East,Nova Scotia
Boularderie West,Nova Scotia
Boulderwood,Nova Scotia
Boutiliers Point,Nova Scotia
Boylston,Nova Scotia
Braeshore,Nova Scotia
Bramber,Nova Scotia
Branch LaHave,Nova Scotia
Bras d'Or,Nova Scotia
Brass Hill,Nova Scotia
Brazil Lake,Nova Scotia
Breac Brook,Nova Scotia
Brenton,Nova Scotia
Brentwood,Nova Scotia
Breton Cove,Nova Scotia
Briar Lake,Nova Scotia
Brickton,Nova Scotia
Brickyard Road,Nova Scotia
Bridgeport,Nova Scotia
Bridgetown,Nova Scotia
Bridgetown East,Nova Scotia
Bridgetown North,Nova Scotia
Bridgeview,Nova Scotia
Bridgeville,Nova Scotia
Bridgewater,Nova Scotia
Brierly Brook,Nova Scotia
Brierly Brook Back Road,Nova Scotia
Brighton,Nova Scotia
Broad Cove,Nova Scotia
Broad Cove,Nova Scotia
Broad Cove Banks,Nova Scotia
Broad Cove Chapel,Nova Scotia
Broad Cove Marsh,Nova Scotia
Broadway,Nova Scotia
Brookdale,Nova Scotia
Brookfield,Nova Scotia
Brookland,Nova Scotia
Brooklyn,Nova Scotia
Brooklyn,Nova Scotia
Brooklyn,Nova Scotia
Brooklyn,Nova Scotia
Brooklyn Corner,Nova Scotia
Brook Road,Nova Scotia
Brookside,Nova Scotia
Brookside,Nova Scotia
Brookvale,Nova Scotia
Brook Village,Nova Scotia
Brookville,Nova Scotia
Brookville,Nova Scotia
Brophy,Nova Scotia
Broughton,Nova Scotia
Browns Mountain,Nova Scotia
Browns Point,Nova Scotia
Brownsville,Nova Scotia
Brow of the Mountain,Nova Scotia
Brule,Nova Scotia
Brule Corner,Nova Scotia
Brule Point,Nova Scotia
Brule Shore,Nova Scotia
Buchanans Mountain,Nova Scotia
Buckfield,Nova Scotia
Bucklaw,Nova Scotia
Buckleys Corner,Nova Scotia
Buckwheat Corner,Nova Scotia
Burlington,Nova Scotia
Burnside,Nova Scotia
Burnside,Nova Scotia
Burntcoat,Nova Scotia
Burtons,Nova Scotia
Bush Island,Nova Scotia
Byers Lake,Nova Scotia
Cains Mountain,Nova Scotia
Caledonia,Nova Scotia
Caledonia,Nova Scotia
Caledonia,Nova Scotia
Caledonia Mills,Nova Scotia
Cambridge,Nova Scotia
Cambridge,Nova Scotia
Cambridge Station,Nova Scotia
Camden,Nova Scotia
Cameron Beach,Nova Scotia
Cameron Lake,Nova Scotia
Cameron Settlement,Nova Scotia
Camerons Mountain,Nova Scotia
Campbelldale,Nova Scotia
Campbell Hill,Nova Scotia
Campbells Mountain,Nova Scotia
Campbells Siding,Nova Scotia
Campbellton,Nova Scotia
Camperdown,Nova Scotia
Canaan,Nova Scotia
Canaan,Nova Scotia
Canaan,Nova Scotia
Canada Creek,Nova Scotia
Canada Hill,Nova Scotia
Canard,Nova Scotia
Cannes,Nova Scotia
Canning,Nova Scotia
Canoe Lake,Nova Scotia
Canso,Nova Scotia
Cape Auguet,Nova Scotia
Cape Dauphin,Nova Scotia
Cape Forchu,Nova Scotia
Cape George,Nova Scotia
Cape George,Nova Scotia
Cape George Point,Nova Scotia
Cape Jack,Nova Scotia
Cape John,Nova Scotia
Cape Negro,Nova Scotia
Cape North,Nova Scotia
Cape Saint Marys,Nova Scotia
Cape Smokey,Nova Scotia
Cap La Ronde,Nova Scotia
Cap Le Moine,Nova Scotia
Capstick,Nova Scotia
Caribou,Nova Scotia
Caribou Island,Nova Scotia
Caribou Marsh,Nova Scotia
Caribou Mines,Nova Scotia
Caribou River,Nova Scotia
Carleton,Nova Scotia
Carleton Corner,Nova Scotia
Carleton Village,Nova Scotia
Carrington,Nova Scotia
Carrolls Corner,Nova Scotia
Carrs Brook,Nova Scotia
Carters Cove,Nova Scotia
Casey Corner,Nova Scotia
Castle Bay,Nova Scotia
Castlereagh,Nova Scotia
Catalone,Nova Scotia
Catalone Gut,Nova Scotia
Catalone Road,Nova Scotia
Cedar Lake,Nova Scotia
Centennial,Nova Scotia
Central Argyle,Nova Scotia
Central Caribou,Nova Scotia
Central Chebogue,Nova Scotia
Central Clarence,Nova Scotia
Central Grove,Nova Scotia
Central New Annan,Nova Scotia
Central North River,Nova Scotia
Central Onslow,Nova Scotia
Central Port Mouton,Nova Scotia
Central West River,Nova Scotia
Central Woods Harbour,Nova Scotia
Centre,Nova Scotia
Centre Burlington,Nova Scotia
Centredale,Nova Scotia
Centre East Pubnico,Nova Scotia
Centrelea,Nova Scotia
Centre Musquodoboit,Nova Scotia
Centre Rawdon,Nova Scotia
Centreville,Nova Scotia
Centreville,Nova Scotia
Centreville,Nova Scotia
Centreville,Nova Scotia
Centreville,Nova Scotia
Centreville Reserve Mines,Nova Scotia
Chance Harbour,Nova Scotia
Chaplin,Nova Scotia
Chapman Settlement,Nova Scotia
Charleston,Nova Scotia
Charlesville,Nova Scotia
Charlos Cove,Nova Scotia
Chaswood,Nova Scotia
Chattan Park,Nova Scotia
Chebogue Point,Nova Scotia
Cheese Factory Corner,Nova Scotia
Chelsea,Nova Scotia
Cherry Brook,Nova Scotia
Cherryfield,Nova Scotia
Cherryfield Road,Nova Scotia
Cherry Hill,Nova Scotia
Chester,Nova Scotia
Chester Acres,Nova Scotia
Chester Basin,Nova Scotia
Chester Grant,Nova Scotia
Chester Islands,Nova Scotia
Chéticamp,Nova Scotia
Chéticamp Flats,Nova Scotia
Chéticamp Island,Nova Scotia
Cheverie,Nova Scotia
Chignecto,Nova Scotia
Chimney Corner,Nova Scotia
Chipman Brook,Nova Scotia
Chipmans Corner,Nova Scotia
Christmas Island,Nova Scotia
Churchover,Nova Scotia
Church Point,Nova Scotia
Church Point Station,Nova Scotia
Church Street,Nova Scotia
Churchview,Nova Scotia
Churchville,Nova Scotia
Clam Bay,Nova Scotia
Clam Harbour,Nova Scotia
Clam Point,Nova Scotia
Claremont,Nova Scotia
Clarence,Nova Scotia
Clarence East,Nova Scotia
Clarence West,Nova Scotia
Clark's Harbour,Nova Scotia
Clarksville,Nova Scotia
Claverhouse,Nova Scotia
Clayton Park,Nova Scotia
Clearland,Nova Scotia
Clements Park,Nova Scotia
Clementsport,Nova Scotia
Clementsvale,Nova Scotia
Cleveland,Nova Scotia
Clifton,Nova Scotia
Cloud Lake,Nova Scotia
Cloverdale,Nova Scotia
Cloverville,Nova Scotia
Clyde River,Nova Scotia
Clydesdale,Nova Scotia
Clydesdale,Nova Scotia
Coady Road,Nova Scotia
Coalburn,Nova Scotia
Coddles Harbour,Nova Scotia
Coffinscroft,Nova Scotia
Cogmagun,Nova Scotia
Colby Village,Nova Scotia
Coldbrook,Nova Scotia
Coldstream,Nova Scotia
Cole Harbour,Nova Scotia
Cole Harbour,Nova Scotia
Colindale,Nova Scotia
College Grant,Nova Scotia
College Grant,Nova Scotia
College Lake,Nova Scotia
Collingwood Corner,Nova Scotia
Colpton,Nova Scotia
Comeaus Hill,Nova Scotia
Comeauville,Nova Scotia
Commodore Park,Nova Scotia
Commons,Nova Scotia
Concession,Nova Scotia
Concord,Nova Scotia
Conns Mills,Nova Scotia
Conquerall,Nova Scotia
Conquerall Bank,Nova Scotia
Conquerall Mills,Nova Scotia
Conrod Settlement,Nova Scotia
Convoy Place,Nova Scotia
Conway,Nova Scotia
Cooks Brook,Nova Scotia
Cooks Cove,Nova Scotia
Cookville,Nova Scotia
Copper Lake,Nova Scotia
Corberrie,Nova Scotia
Corkums Island,Nova Scotia
Cornwallis Park,Nova Scotia
Cornwallis Square,Nova Scotia
Coromonie,Nova Scotia
Cottage Cove,Nova Scotia
Country Harbour Lake,Nova Scotia
Country Harbour Mines,Nova Scotia
County Line Lake,Nova Scotia
Cove Road,Nova Scotia
Coveys Island,Nova Scotia
Cow Bay,Nova Scotia
Cowie Hill,Nova Scotia
Coxheath,Nova Scotia
Craigmore,Nova Scotia
Crandall Road,Nova Scotia
Creelmans Crossing,Nova Scotia
Creignish,Nova Scotia
Creignish Hills,Nova Scotia
Creignish Rear,Nova Scotia
Crescent Beach,Nova Scotia
Crescent Grove,Nova Scotia
Crichton Park,Nova Scotia
Croft,Nova Scotia
Crooked Lake,Nova Scotia
Crossburn,Nova Scotia
Cross Mountain,Nova Scotia
Cross Mountain Road,Nova Scotia
Cross Point,Nova Scotia
Cross Roads,Nova Scotia
Cross Roads,Nova Scotia
Cross Roads Country Harbour,Nova Scotia
Cross Roads Ohio,Nova Scotia
Crouchers Forks,Nova Scotia
Crouses Settlement,Nova Scotia
Crousetown,Nova Scotia
Crowell,Nova Scotia
Crowes Mills,Nova Scotia
Crows Nest,Nova Scotia
Culloden,Nova Scotia
Currys Corner,Nova Scotia
Dagger Woods,Nova Scotia
Dalem Lake,Nova Scotia
Dalhousie,Nova Scotia
Dalhousie,Nova Scotia
Dalhousie Road,Nova Scotia
Danesville,Nova Scotia
Danvers,Nova Scotia
Dargie Lake,Nova Scotia
Darlings Lake,Nova Scotia
Dartmouth,Nova Scotia
Davison Street,Nova Scotia
Dayspring,Nova Scotia
Dayton,Nova Scotia
Dean,Nova Scotia
Deans Corner,Nova Scotia
DeBaies Cove,Nova Scotia
Debert,Nova Scotia
Debert Lake,Nova Scotia
Deep Brook,Nova Scotia
Deep Cove,Nova Scotia
Deep Cove Island,Nova Scotia
Deepdale,Nova Scotia
Deerfield,Nova Scotia
Delaps Cove,Nova Scotia
Delhaven,Nova Scotia
Dempseys Corner,Nova Scotia
Denmark,Nova Scotia
Densmores Mills,Nova Scotia
Denver,Nova Scotia
D'Escousse,Nova Scotia
Desert,Nova Scotia
Devils Island,Nova Scotia
Devon,Nova Scotia
Diamond,Nova Scotia
Digby,Nova Scotia
Diligent River,Nova Scotia
Dingwall,Nova Scotia
Doctors Brook,Nova Scotia
Doctors Cove,Nova Scotia
Doddridge,Nova Scotia
Dominion,Nova Scotia
Donahue Lake,Nova Scotia
Donkin,Nova Scotia
Dorts Cove,Nova Scotia
Doucetteville,Nova Scotia
Douglas Road,Nova Scotia
Dover,Nova Scotia
Drum Head,Nova Scotia
Dublin Shore,Nova Scotia
Dufferin,Nova Scotia
Dufferin Mines,Nova Scotia
Dunakin,Nova Scotia
Duncans Cove,Nova Scotia
Dundee,Nova Scotia
Dungarry,Nova Scotia
Dunmore,Nova Scotia
Dunmore,Nova Scotia
Dunns Corner,Nova Scotia
Dunvegan,Nova Scotia
Durells Island,Nova Scotia
Durham,Nova Scotia
Dutch Brook,Nova Scotia
Dutch Settlement,Nova Scotia
Eagle Head,Nova Scotia
Earltown,Nova Scotia
East Advocate,Nova Scotia
East Amherst,Nova Scotia
East Apple River,Nova Scotia
East Baccaro,Nova Scotia
East Bay,Nova Scotia
East Berlin,Nova Scotia
East Berwick,Nova Scotia
East Branch,Nova Scotia
East Canaan,Nova Scotia
East Chester,Nova Scotia
East Chezzetcook,Nova Scotia
East Clifford,Nova Scotia
East Dalhousie,Nova Scotia
East Dover,Nova Scotia
East Earltown,Nova Scotia
Eastern Passage,Nova Scotia
Eastern Points,Nova Scotia
East Ferry,Nova Scotia
East Folly Mountain,Nova Scotia
East Fraserville,Nova Scotia
East Gore,Nova Scotia
East Green Harbour,Nova Scotia
East Halls Harbour Road,Nova Scotia
East Hansford,Nova Scotia
East Havre Boucher,Nova Scotia
East Inglisville,Nova Scotia
East Jeddore,Nova Scotia
East Jordan,Nova Scotia
East Kemptville,Nova Scotia
East Kingston,Nova Scotia
East LaHave,Nova Scotia
East Lake Ainslie,Nova Scotia
East Lawrencetown,Nova Scotia
East Leicester,Nova Scotia
East Linden,Nova Scotia
East Loon Lake Village,Nova Scotia
East Mapleton,Nova Scotia
East Margaretsville,Nova Scotia
East Milford,Nova Scotia
East Mines,Nova Scotia
East Mines Station,Nova Scotia
East Mountain,Nova Scotia
East New Annan,Nova Scotia
East Noel,Nova Scotia
Easton,Nova Scotia
East Pennant,Nova Scotia
East Petpeswick,Nova Scotia
East Port L'Hebert,Nova Scotia
East Port Medway,Nova Scotia
East Preston,Nova Scotia
East Pubnico,Nova Scotia
East Quinan,Nova Scotia
East Quoddy,Nova Scotia
East River,Nova Scotia
East River Point,Nova Scotia
East River Saint Marys,Nova Scotia
East River Saint Marys West Side,Nova Scotia
East River Sheet Harbour,Nova Scotia
East Sable River,Nova Scotia
East Ship Harbour,Nova Scotia
East Side,Nova Scotia
East Side of Ragged Island,Nova Scotia
East Skye Glen,Nova Scotia
East Slope,Nova Scotia
East Southampton,Nova Scotia
East Stewiacke,Nova Scotia
East Tracadie,Nova Scotia
East Tremont,Nova Scotia
East Uniacke,Nova Scotia
East Village,Nova Scotia
Eastville,Nova Scotia
East Wallace,Nova Scotia
East Walton,Nova Scotia
East Wentworth,Nova Scotia
Eatonville,Nova Scotia
Economy,Nova Scotia
Economy Point,Nova Scotia
Ecum Secum,Nova Scotia
Ecum Secum Bridge,Nova Scotia
Ecum Secum West,Nova Scotia
Eden,Nova Scotia
Eden Lake,Nova Scotia
Edgewood,Nova Scotia
Edwardsville,Nova Scotia
Eel Brook,Nova Scotia
Egerton,Nova Scotia
Egypt Road,Nova Scotia
Egypt Road,Nova Scotia
Eight Island Lake,Nova Scotia
Elderbank,Nova Scotia
Elgin,Nova Scotia
Ellenvale,Nova Scotia
Ellershouse,Nova Scotia
Elmfield,Nova Scotia
Elmsdale,Nova Scotia
Elmsvale,Nova Scotia
Elmwood,Nova Scotia
Emerald,Nova Scotia
Enfield,Nova Scotia
English Corner,Nova Scotia
Englishtown,Nova Scotia
Enon,Nova Scotia
Erinville,Nova Scotia
Eskasoni,Nova Scotia
Estmere,Nova Scotia
Etter Settlement,Nova Scotia
Eureka,Nova Scotia
Evanston,Nova Scotia
Factorydale,Nova Scotia
Fairmont,Nova Scotia
Fairmount,Nova Scotia
Fairview,Nova Scotia
Faith Hope and Charity Lakes,Nova Scotia
Falkland Ridge,Nova Scotia
Fall River,Nova Scotia
Fall River West,Nova Scotia
Falmouth,Nova Scotia
Farmington,Nova Scotia
Farmington,Nova Scotia
Farmville,Nova Scotia
Fauxburg,Nova Scotia
Feeners Corner,Nova Scotia
Feltzen South,Nova Scotia
Fenwick,Nova Scotia
Fergusons Cove,Nova Scotia
Fergusons Lake,Nova Scotia
Fern Hill,Nova Scotia
Fernleigh,Nova Scotia
First Peninsula,Nova Scotia
First South,Nova Scotia
Fishermans Harbour,Nova Scotia
Fisher Mills,Nova Scotia
Fitzpatrick,Nova Scotia
Fitzpatricks Mountain,Nova Scotia
Five Houses,Nova Scotia
Five Houses,Nova Scotia
Five Island Lake,Nova Scotia
Five Islands,Nova Scotia
Five Mile Plains,Nova Scotia
Five Mile River,Nova Scotia
Fleet Settlement,Nova Scotia
Fletchers Lake,Nova Scotia
Flintstone Rock,Nova Scotia
Florence,Nova Scotia
Folly Lake,Nova Scotia
Folly Lake Station,Nova Scotia
Folly Mountain,Nova Scotia
Foot Cape,Nova Scotia
Forbes Point,Nova Scotia
Fordview,Nova Scotia
Forest Glade,Nova Scotia
Forest Glen,Nova Scotia
Forest Glen,Nova Scotia
Forest Glen,Nova Scotia
Forest Hill,Nova Scotia
Forest Hill,Nova Scotia
Forest Hills,Nova Scotia
Forest Home,Nova Scotia
Forks Baddeck,Nova Scotia
Fort Belcher,Nova Scotia
Fort Ellis,Nova Scotia
Forties,Nova Scotia
Fort Lawrence,Nova Scotia
Fortune Barren,Nova Scotia
Fougere Farm Lake,Nova Scotia
Fountain Road,Nova Scotia
Fourchu,Nova Scotia
Four Mile Brook,Nova Scotia
Fox Brook,Nova Scotia
Fox Harbour,Nova Scotia
Fox Island Main,Nova Scotia
Fox Point,Nova Scotia
Fox River,Nova Scotia
Framboise,Nova Scotia
Framboise Intervale,Nova Scotia
Franey Corner,Nova Scotia
Frankville,Nova Scotia
Fraser Settlement,Nova Scotia
Frasers Grant,Nova Scotia
Frasers Mills,Nova Scotia
Frasers Mountain,Nova Scotia
Frasertown,Nova Scotia
Fraserville,Nova Scotia
Fraxville,Nova Scotia
Freeport,Nova Scotia
French Cove,Nova Scotia
Frenchmans Road,Nova Scotia
French River,Nova Scotia
French River,Nova Scotia
French Road,Nova Scotia
Frenchvale,Nova Scotia
French Village,Nova Scotia
Frog Lake,Nova Scotia
Front Centre,Nova Scotia
Front Lake,Nova Scotia
Gabarus,Nova Scotia
Gabarus Lake,Nova Scotia
Gaetz Brook,Nova Scotia
Gairloch Mountain,Nova Scotia
Gannon Road,Nova Scotia
Garden Lots,Nova Scotia
Garden of Eden,Nova Scotia
Gardiner Mines,Nova Scotia
Gardners Mills,Nova Scotia
Garland,Nova Scotia
Garlands Crossing,Nova Scotia
Gaspereau,Nova Scotia
Gaspereau Mountain,Nova Scotia
Gaspereaux Lake,Nova Scotia
Gates Mountain,Nova Scotia
Gavelton,Nova Scotia
Gays River,Nova Scotia
Georgefield,Nova Scotia
Georges River,Nova Scotia
Georgeville,Nova Scotia
Gerrish Valley,Nova Scotia
Giants Lake,Nova Scotia
Gibbon,Nova Scotia
Gibson Woods,Nova Scotia
Gilbert Mountain,Nova Scotia
Gilberts Cove,Nova Scotia
Gilberts Landing,Nova Scotia
Gillis Cove,Nova Scotia
Gillisdale,Nova Scotia
Gillis Lake,Nova Scotia
Gillis Point,Nova Scotia
Gillis Point East,Nova Scotia
Glace Bay,Nova Scotia
Glasgow,Nova Scotia
Glasgow Point,Nova Scotia
Glassburn,Nova Scotia
Glen Alpine,Nova Scotia
Glen Bard,Nova Scotia
Glen Campbellton,Nova Scotia
Glencoe,Nova Scotia
Glencoe,Nova Scotia
Glencoe,Nova Scotia
Glencoe Mills,Nova Scotia
Glencoe Station,Nova Scotia
Glendale,Nova Scotia
Glendyer,Nova Scotia
Glendyer Station,Nova Scotia
Glenelg,Nova Scotia
Glengarry,Nova Scotia
Glengarry,Nova Scotia
Glengarry Station,Nova Scotia
Glengarry Valley,Nova Scotia
Glen Haven,Nova Scotia
Glenholme,Nova Scotia
Glenkeen,Nova Scotia
Glen Margaret,Nova Scotia
Glen Moir,Nova Scotia
Glenmont,Nova Scotia
Glenmore,Nova Scotia
Glen Morrison,Nova Scotia
Glenora,Nova Scotia
Glenora Falls,Nova Scotia
Glen Road,Nova Scotia
Glenroy,Nova Scotia
Glen Tosh,Nova Scotia
Glenville,Nova Scotia
Glenville,Nova Scotia
Glenwood,Nova Scotia
Goffs,Nova Scotia
Goldboro,Nova Scotia
Gold Brook,Nova Scotia
Goldenville,Nova Scotia
Gold River,Nova Scotia
Goodwood,Nova Scotia
Goose Cove,Nova Scotia
Goose Lake,Nova Scotia
Gordon Summit,Nova Scotia
Gore,Nova Scotia
Gormanville,Nova Scotia
Goshen,Nova Scotia
Goshen,Nova Scotia
Governor Lake,Nova Scotia
Gracieville,Nova Scotia
Grafton,Nova Scotia
Graham Hill,Nova Scotia
Grahams Corner,Nova Scotia
Grand Desert,Nova Scotia
Grande Anse,Nova Scotia
Grande Greve,Nova Scotia
Grand Étang,Nova Scotia
Grandique Ferry,Nova Scotia
Grand Lake,Nova Scotia
Grand Lake,Nova Scotia
Grand Lake Road,Nova Scotia
Grand Mira North,Nova Scotia
Grand Mira South,Nova Scotia
Grand Narrows,Nova Scotia
Grand Pré,Nova Scotia
Grand River,Nova Scotia
Grand River Falls,Nova Scotia
Granite Village,Nova Scotia
Granton,Nova Scotia
Grant Valley,Nova Scotia
Grantville,Nova Scotia
Granville Beach,Nova Scotia
Granville Centre,Nova Scotia
Granville Ferry,Nova Scotia
Grass Cove,Nova Scotia
Graywood,Nova Scotia
Great Hill,Nova Scotia
Great Pubnico Lake,Nova Scotia
Great Village,Nova Scotia
Green Acres,Nova Scotia
Green Acres,Nova Scotia
Green Bay,Nova Scotia
Green Creek,Nova Scotia
Greenfield,Nova Scotia
Greenfield,Nova Scotia
Greenfield,Nova Scotia
Greenfield,Nova Scotia
Greenhead Road,Nova Scotia
Greenhill,Nova Scotia
Greenhill,Nova Scotia
Greenhill,Nova Scotia
Greenland,Nova Scotia
Green Oaks,Nova Scotia
Greenough,Nova Scotia
Greens Brook,Nova Scotia
Greens Point,Nova Scotia
Greenvale,Nova Scotia
Greenville,Nova Scotia
Greenville Station,Nova Scotia
Greenwich,Nova Scotia
Greenwold,Nova Scotia
Greenwood,Nova Scotia
Greenwood,Nova Scotia
Greenwood,Nova Scotia
Greenwood Heights,Nova Scotia
Greenwood Square,Nova Scotia
Grimms Settlement,Nova Scotia
Grono Road,Nova Scotia
Gros Nez,Nova Scotia
Grosses Coques,Nova Scotia
Grosvenor,Nova Scotia
Groves Point,Nova Scotia
Guinea,Nova Scotia
Gullivers Cove,Nova Scotia
Gunning Cove,Nova Scotia
Guysborough,Nova Scotia
Guysborough Intervale,Nova Scotia
Gypsum Mines,Nova Scotia
Habitant,Nova Scotia
Hacketts Cove,Nova Scotia
Haddon Hill,Nova Scotia
Hadleyville,Nova Scotia
Half Island Cove,Nova Scotia
Halfway Brook,Nova Scotia
Halfway Cove,Nova Scotia
Halfway River,Nova Scotia
Haliburton,Nova Scotia
Halibut Bay,Nova Scotia
Halifax,Nova Scotia
Halls Harbour,Nova Scotia
Hamilton Meadows,Nova Scotia
Hamilton Road,Nova Scotia
Hammonds Plains,Nova Scotia
Hammonds Plains Road,Nova Scotia
Hampton,Nova Scotia
Hannamville,Nova Scotia
Hansford,Nova Scotia
Hants Border,Nova Scotia
Hantsport,Nova Scotia
Harbour Centre,Nova Scotia
Harbourview,Nova Scotia
Harbourville,Nova Scotia
Hardwood Hill,Nova Scotia
Hardwood Hill,Nova Scotia
Hardwood Lake,Nova Scotia
Hardwood Lands,Nova Scotia
Harmony,Nova Scotia
Harmony,Nova Scotia
Harmony Mills,Nova Scotia
Harmony Park,Nova Scotia
Harmony Road,Nova Scotia
Harpellville,Nova Scotia
Harrietsfield,Nova Scotia
Harrigan Cove,Nova Scotia
Harris Island,Nova Scotia
Harrison Settlement,Nova Scotia
Harriston,Nova Scotia
Hartford,Nova Scotia
Hart Lake,Nova Scotia
Hartlin Settlement,Nova Scotia
Hartville,Nova Scotia
Hartz Point,Nova Scotia
Hassett,Nova Scotia
Hastings,Nova Scotia
Hastings,Nova Scotia
Hatchet Lake,Nova Scotia
Haut de la Baie,Nova Scotia
Havelock,Nova Scotia
Havendale,Nova Scotia
Havenside,Nova Scotia
Havre Boucher,Nova Scotia
Hawker,Nova Scotia
Hawleys Hill,Nova Scotia
Hawthorne,Nova Scotia
Hay Cove,Nova Scotia
Hays River,Nova Scotia
Hazeldale,Nova Scotia
Hazel Glen,Nova Scotia
Hazel Hill,Nova Scotia
Head of Chezzetcook,Nova Scotia
Head of Jeddore,Nova Scotia
Head of Loch Lomond,Nova Scotia
Head of Saint Margarets Bay,Nova Scotia
Head of Wallace Bay,Nova Scotia
Heathbell,Nova Scotia
Heather Beach,Nova Scotia
Heatherton,Nova Scotia
Hebbs Cross,Nova Scotia
Hebbville,Nova Scotia
Hebron,Nova Scotia
Heckmans Island,Nova Scotia
Hectanooga,Nova Scotia
Hedgeville,Nova Scotia
Hemford,Nova Scotia
Henry Island,Nova Scotia
Hermans Island,Nova Scotia
Herring Cove,Nova Scotia
Hibernia,Nova Scotia
Higgins Mountain,Nova Scotia
Higginsville,Nova Scotia
Highbury,Nova Scotia
Highfield,Nova Scotia
Highland Acres,Nova Scotia
Highland Hill,Nova Scotia
Highland Village,Nova Scotia
Hilden,Nova Scotia
Hillaton,Nova Scotia
Hillcrest,Nova Scotia
Hillgrove,Nova Scotia
Hillsboro,Nova Scotia
Hillsburn,Nova Scotia
Hillsdale,Nova Scotia
Hillsdale Road,Nova Scotia
Hillside,Nova Scotia
Hillside,Nova Scotia
Hillside Boularderie,Nova Scotia
Hills Road,Nova Scotia
Hillsvale,Nova Scotia
Hilltown,Nova Scotia
Hillview,Nova Scotia
Hirtle Island,Nova Scotia
Hodson,Nova Scotia
Hoegs Corner,Nova Scotia
Holland Harbour,Nova Scotia
Homeville,Nova Scotia
Hopewell,Nova Scotia
Hoppenderry,Nova Scotia
Horne Settlement,Nova Scotia
Hornes Road,Nova Scotia
Horton Landing,Nova Scotia
Hortonville,Nova Scotia
Howie Centre,Nova Scotia
Hub,Nova Scotia
Hubbards,Nova Scotia
Hubbards Point,Nova Scotia
Hubley,Nova Scotia
Hubley Mill Lake Road,Nova Scotia
Humber Park,Nova Scotia
Humes Rear,Nova Scotia
Hunters Mountain,Nova Scotia
Huntington,Nova Scotia
Hunts Landing,Nova Scotia
Hunts Point,Nova Scotia
Hureauville,Nova Scotia
Hyannas,Nova Scotia
Hydrostone,Nova Scotia
Imperoyal,Nova Scotia
Indian Brook,Nova Scotia
Indian Fields,Nova Scotia
Indian Gardens,Nova Scotia
Indian Harbour,Nova Scotia
Indian Harbour Lake,Nova Scotia
Indian Lake,Nova Scotia
Indian Path,Nova Scotia
Indian Point,Nova Scotia
Inglewood,Nova Scotia
Inglisville,Nova Scotia
Ingomar,Nova Scotia
Ingonish,Nova Scotia
Ingonish Beach,Nova Scotia
Ingonish Centre,Nova Scotia
Ingonish Ferry,Nova Scotia
Ingramport,Nova Scotia
Inlet Baddeck,Nova Scotia
Inness Brook,Nova Scotia
Inverness,Nova Scotia
Inverside,Nova Scotia
Iona,Nova Scotia
Iona Rear,Nova Scotia
Ireland,Nova Scotia
Ireton,Nova Scotia
Irish Cove,Nova Scotia
Irish Vale,Nova Scotia
Iron Mines,Nova Scotia
Iron Rock,Nova Scotia
Ironville,Nova Scotia
Isaacs Harbour,Nova Scotia
Isaacs Harbour North,Nova Scotia
Island East River,Nova Scotia
Island Point,Nova Scotia
Islandview,Nova Scotia
Italy Cross,Nova Scotia
Jacket Lake,Nova Scotia
Jacksons Mountain,Nova Scotia
Jacksons Point,Nova Scotia
Jacksonville,Nova Scotia
Jakes Landing,Nova Scotia
James Barren,Nova Scotia
James River,Nova Scotia
James Settlement,Nova Scotia
Jamesville,Nova Scotia
Jamesville West,Nova Scotia
Janvrin Harbour,Nova Scotia
Jefferson,Nova Scotia
Jersey,Nova Scotia
Jersey Cove,Nova Scotia
Jimtown,Nova Scotia
Joe Simon,Nova Scotia
Joggin Bridge,Nova Scotia
Joggins,Nova Scotia
Johnstown,Nova Scotia
Jollimore,Nova Scotia
Jordan Bay,Nova Scotia
Jordan Branch,Nova Scotia
Jordan Falls,Nova Scotia
Jordan Ferry,Nova Scotia
Jordan Lake,Nova Scotia
Jordantown,Nova Scotia
Jordanville,Nova Scotia
Jubilee,Nova Scotia
Judique,Nova Scotia
Judique Intervale,Nova Scotia
Judique North,Nova Scotia
Judique South,Nova Scotia
Junction Road,Nova Scotia
Juniper Mountain,Nova Scotia
Kaneville,Nova Scotia
Karsdale,Nova Scotia
Kavanaugh Mills,Nova Scotia
Kearney Lake,Nova Scotia
Keble,Nova Scotia
Keddys Corner,Nova Scotia
Keeble,Nova Scotia
Kelleys Cove,Nova Scotia
Keltic Lodge,Nova Scotia
Kempt,Nova Scotia
Kempt Head,Nova Scotia
Kemptown,Nova Scotia
Kempt Road,Nova Scotia
Kempt Shore,Nova Scotia
Kemptville,Nova Scotia
Kenloch,Nova Scotia
Kennetcook,Nova Scotia
Kent,Nova Scotia
Kentville,Nova Scotia
Kenzieville,Nova Scotia
Keppoch,Nova Scotia
Keppoch Mountain,Nova Scotia
Kerrowgare,Nova Scotia
Kerrs Mill,Nova Scotia
Ketch Harbour,Nova Scotia
Kewstoke,Nova Scotia
Killarney,Nova Scotia
Kiltarlity,Nova Scotia
Kingross,Nova Scotia
Kingsburg,Nova Scotia
Kings Head,Nova Scotia
Kingsport,Nova Scotia
Kings Rest,Nova Scotia
Kingston,Nova Scotia
Kingsville,Nova Scotia
Kinsac,Nova Scotia
Kinsmans Corner,Nova Scotia
Kirkhill,Nova Scotia
Kirkmount,Nova Scotia
Knoydart,Nova Scotia
Kolbec,Nova Scotia
Kytes Hill,Nova Scotia
LaBelle,Nova Scotia
Laconia,Nova Scotia
Lac Sec,Nova Scotia
Laggan,Nova Scotia
LaHave,Nova Scotia
LaHave Islands,Nova Scotia
Lake Alma,Nova Scotia
Lake Annis,Nova Scotia
Lake Centre,Nova Scotia
Lake Charlotte,Nova Scotia
Lake Doucette,Nova Scotia
Lake Echo,Nova Scotia
Lake Egmont,Nova Scotia
Lake George,Nova Scotia
Lake George,Nova Scotia
Lake George,Nova Scotia
Lake Killarney,Nova Scotia
Lakelands,Nova Scotia
Lakelands,Nova Scotia
Lake La Rose,Nova Scotia
Lake LeMarchant,Nova Scotia
Lake Major,Nova Scotia
Lake Midway,Nova Scotia
Lake Mulgrave,Nova Scotia
Lake Munro,Nova Scotia
Lake of the Woods,Nova Scotia
Lake O'Law,Nova Scotia
Lake Paul,Nova Scotia
Lake Pleasant,Nova Scotia
Lake Ramsay,Nova Scotia
Lake Road,Nova Scotia
Lake Road,Nova Scotia
Lake Road Corner,Nova Scotia
Lake Rossignol,Nova Scotia
Lakeside,Nova Scotia
Lakeside,Nova Scotia
Lake Uist,Nova Scotia
Lakevale,Nova Scotia
Lakeview,Nova Scotia
Lakeview,Nova Scotia
Lakeview,Nova Scotia
Lakeville,Nova Scotia
Lake William,Nova Scotia
Lanark,Nova Scotia
Lanesville,Nova Scotia
Lansberg Siding,Nova Scotia
Lansdowne,Nova Scotia
Lansdowne,Nova Scotia
Lansdowne Station,Nova Scotia
Lantz,Nova Scotia
Lapland,Nova Scotia
La Pointe,Nova Scotia
La Prairie,Nova Scotia
L'Archeveque,Nova Scotia
L'Ardoise,Nova Scotia
L'Ardoise West,Nova Scotia
Larrys River,Nova Scotia
Latties Brook,Nova Scotia
Lawrencetown,Nova Scotia
Lawrencetown,Nova Scotia
Leamington,Nova Scotia
Leiblin Park,Nova Scotia
Leitches Creek,Nova Scotia
Leitches Creek Station,Nova Scotia
Leminster,Nova Scotia
Lennox,Nova Scotia
Lennox Passage,Nova Scotia
Lequille,Nova Scotia
Lesterdale,Nova Scotia
Leville,Nova Scotia
Lewis Bay West,Nova Scotia
Lewis Cove Road,Nova Scotia
Lewis Lake,Nova Scotia
Lewis Mountain,Nova Scotia
Lewistown,Nova Scotia
Lexington,Nova Scotia
Lighthouse Road,Nova Scotia
Lilydale,Nova Scotia
Lime Hill,Nova Scotia
Limerock,Nova Scotia
Linacy,Nova Scotia
Lincolnville,Nova Scotia
Linden,Nova Scotia
Lindsay Lake,Nova Scotia
Lingan,Nova Scotia
Lingan Road,Nova Scotia
Linwood,Nova Scotia
Linwood Station,Nova Scotia
Liscomb,Nova Scotia
Liscomb Mills,Nova Scotia
Lismore,Nova Scotia
Litchfield,Nova Scotia
Little Anse,Nova Scotia
Little Barren,Nova Scotia
Little Bass River,Nova Scotia
Little Bras d'Or,Nova Scotia
Little Bras d'Or South Side,Nova Scotia
Little Brook,Nova Scotia
Little Brook Station,Nova Scotia
Little Dyke,Nova Scotia
Little Forks,Nova Scotia
Little Harbour,Nova Scotia
Little Harbour,Nova Scotia
Little Harbour,Nova Scotia
Little Harbour,Nova Scotia
Little Judique,Nova Scotia
Little Judique Ponds,Nova Scotia
Little Liscomb,Nova Scotia
Little Lorraine,Nova Scotia
Little Mabou,Nova Scotia
Little Narrows,Nova Scotia
Little Pond,Nova Scotia
Little Port L'Hebert,Nova Scotia
Little River,Nova Scotia
Little River,Nova Scotia
Little River,Nova Scotia
Little River Harbour,Nova Scotia
Little River Lake,Nova Scotia
Little Tancook,Nova Scotia
Liverpool,Nova Scotia
Livingstone Cove,Nova Scotia
Lloy,Nova Scotia
Lloyds,Nova Scotia
Lochaber,Nova Scotia
Lochaber Mines,Nova Scotia
Loch Broom,Nova Scotia
Lochiel Lake,Nova Scotia
Loch Katrine,Nova Scotia
Loch Lomond,Nova Scotia
Loch Lomond West,Nova Scotia
Lochside,Nova Scotia
Lochview Road,Nova Scotia
Lockeport,Nova Scotia
Lockhartville,Nova Scotia
Logan Subdivision,Nova Scotia
Loganville,Nova Scotia
Londonderry,Nova Scotia
Londonderry Station,Nova Scotia
Long Beach,Nova Scotia
Long Hill,Nova Scotia
Long Island,Nova Scotia
Long Lake,Nova Scotia
Long Lake,Nova Scotia
Long Point,Nova Scotia
Loon Lake,Nova Scotia
Lorne,Nova Scotia
Lornevale,Nova Scotia
Lorneville,Nova Scotia
Louisbourg,Nova Scotia
Louisbourg Road,Nova Scotia
Louisdale,Nova Scotia
Louis Head,Nova Scotia
Louisville,Nova Scotia
Lourdes,Nova Scotia
Lovat,Nova Scotia
Lower Argyle,Nova Scotia
Lower Barneys River,Nova Scotia
Lower Blomidon,Nova Scotia
Lower Branch,Nova Scotia
Lower Burlington,Nova Scotia
Lower Caledonia,Nova Scotia
Lower Canard,Nova Scotia
Lower Clarks Harbour,Nova Scotia
Lower Clyde River,Nova Scotia
Lower Concession,Nova Scotia
Lower Cove,Nova Scotia
Lower Debert,Nova Scotia
Lower East Chezzetcook,Nova Scotia
Lower East Pubnico,Nova Scotia
Lower Economy,Nova Scotia
Lower Eel Brook,Nova Scotia
Lower Five Islands,Nova Scotia
Lower Glencoe,Nova Scotia
Lower Grant Road,Nova Scotia
Lower Greenville,Nova Scotia
Lower Gulf Shore,Nova Scotia
Lower Harmony,Nova Scotia
Lower Hillsdale,Nova Scotia
Lower Jordan Bay,Nova Scotia
Lower LaHave,Nova Scotia
Lower L'Ardoise,Nova Scotia
Lower Maccan,Nova Scotia
Lower Meaghers Grant,Nova Scotia
Lower Middle River,Nova Scotia
Lower Mount Thom,Nova Scotia
Lower New Cornwall,Nova Scotia
Lower Northfield,Nova Scotia
Lower North Grant,Nova Scotia
Lower Ohio,Nova Scotia
Lower Onslow,Nova Scotia
Lower Palmer Lake,Nova Scotia
Lower Pleasant Valley,Nova Scotia
Lower Prospect,Nova Scotia
Lower River Hebert,Nova Scotia
Lower River Inhabitants,Nova Scotia
Lower Rose Bay,Nova Scotia
Lower Sackville,Nova Scotia
Lower Saint Esprit,Nova Scotia
Lower Sandy Point,Nova Scotia
Lower Saulnierville,Nova Scotia
Lower Selma,Nova Scotia
Lower Shag Harbour,Nova Scotia
Lower Shinimicas,Nova Scotia
Lower Ship Harbour,Nova Scotia
Lower South River,Nova Scotia
Lower Springfield,Nova Scotia
Lower Three Fathom Harbour,Nova Scotia
Lower Truro,Nova Scotia
Lower Vaughan,Nova Scotia
Lower Washabuck,Nova Scotia
Lower Wedgeport,Nova Scotia
Lower Wentworth,Nova Scotia
Lower West Jeddore,Nova Scotia
Lower West Pubnico,Nova Scotia
Lower West River,Nova Scotia
Lower Whitehead,Nova Scotia
Lower Wolfville,Nova Scotia
Lower Woods Harbour,Nova Scotia
Low Landing,Nova Scotia
Low Point,Nova Scotia
Lucasville,Nova Scotia
Lumsden Dam,Nova Scotia
Lundy,Nova Scotia
Lunenburg,Nova Scotia
Lydgate,Nova Scotia
Lynche River,Nova Scotia
Lynch Mill,Nova Scotia
Lynn,Nova Scotia
Lyons Brook,Nova Scotia
Mabou,Nova Scotia
Mabou Harbour,Nova Scotia
Mabou Harbour Mouth,Nova Scotia
Mabou Mines,Nova Scotia
Mabou Station,Nova Scotia
MacAulays Hill,Nova Scotia
MacBains Corner,Nova Scotia
Maccan,Nova Scotia
Maccan Woods,Nova Scotia
MacCormicks Corner,Nova Scotia
MacDonalds Glen,Nova Scotia
MacDonalds Mountain,Nova Scotia
MacIntyre Lake,Nova Scotia
MacKays Corner,Nova Scotia
MacKay Siding,Nova Scotia
Mackdale,Nova Scotia
MacKinnons Brook,Nova Scotia
MacLeod Settlement,Nova Scotia
MacLeods Point,Nova Scotia
MacNabs Cove,Nova Scotia
MacNeils Vale,Nova Scotia
MacPhees Corner,Nova Scotia
MacPherson Lake,Nova Scotia
Maders Cove,Nova Scotia
Mahone Bay,Nova Scotia
Mahoneys Beach,Nova Scotia
Mahoneys Corner,Nova Scotia
Main-à-Dieu,Nova Scotia
Maitland,Nova Scotia
Maitland,Nova Scotia
Maitland Bridge,Nova Scotia
Maitland Forks,Nova Scotia
Malagash,Nova Scotia
Malagash Centre,Nova Scotia
Malagash Mine,Nova Scotia
Malagash Point,Nova Scotia
Malagash Station,Nova Scotia
Malagawatch,Nova Scotia
Malay Falls,Nova Scotia
Malignant Cove,Nova Scotia
Manassette Lake,Nova Scotia
Manchester,Nova Scotia
Manganese Mines,Nova Scotia
Mansfield,Nova Scotia
Mantua,Nova Scotia
Maple Brook,Nova Scotia
Maple Grove,Nova Scotia
Maple Ridge,Nova Scotia
Mapleton,Nova Scotia
Maplewood,Nova Scotia
Marble Hill,Nova Scotia
Marble Mountain,Nova Scotia
Marconi Towers,Nova Scotia
Margaree,Nova Scotia
Margaree Brook,Nova Scotia
Margaree Centre,Nova Scotia
Margaree Forks,Nova Scotia
Margaree Harbour,Nova Scotia
Margaree Valley,Nova Scotia
Margaretsville,Nova Scotia
Margo,Nova Scotia
Marie Joseph,Nova Scotia
Marinette,Nova Scotia
Marion Bridge,Nova Scotia
Marion Bridge Road,Nova Scotia
Markland,Nova Scotia
Maroon Hill,Nova Scotia
Marriotts Cove,Nova Scotia
Marsh,Nova Scotia
Marshall Point,Nova Scotia
Marshalls Crossing,Nova Scotia
Marshalltown,Nova Scotia
Marsh Brook,Nova Scotia
Marshdale,Nova Scotia
Marshes (West Bay),Nova Scotia
Marshville,Nova Scotia
Marshy Hope,Nova Scotia
Martinique,Nova Scotia
Martins Brook,Nova Scotia
Martins Point,Nova Scotia
Martins River,Nova Scotia
Martock,Nova Scotia
Marvins Island,Nova Scotia
Marydale,Nova Scotia
Maryvale,Nova Scotia
Maryville,Nova Scotia
Mason Point,Nova Scotia
Masons Beach,Nova Scotia
Masons Point,Nova Scotia
Masstown,Nova Scotia
Mattatall Lake,Nova Scotia
Mattie Settlement,Nova Scotia
Mavillette,Nova Scotia
Maxwellton,Nova Scotia
Mayflower,Nova Scotia
McAdams Lake,Nova Scotia
McArras Brook,Nova Scotia
McCallum Settlement,Nova Scotia
McCormack Lake,Nova Scotia
McCoys Ridge,Nova Scotia
McCreadyville,Nova Scotia
McCurdys Corner,Nova Scotia
McGee Lake,Nova Scotia
McGraths Cove,Nova Scotia
McGraths Mountain,Nova Scotia
McIntyres Mountain,Nova Scotia
McKays Corner,Nova Scotia
McKay Section,Nova Scotia
McKinnons Harbour,Nova Scotia
McLellans Brook,Nova Scotia
McLellans Mountain,Nova Scotia
McLeods Crossing,Nova Scotia
McMillan Brook,Nova Scotia
McNabs Island,Nova Scotia
McNutts Island,Nova Scotia
McPhersons Mills,Nova Scotia
Meadow,Nova Scotia
Meadow Green,Nova Scotia
Meadow Springs,Nova Scotia
Meadows Road,Nova Scotia
Meadowvale,Nova Scotia
Meadowvale,Nova Scotia
Meadowview,Nova Scotia
Meadowville,Nova Scotia
Meagher,Nova Scotia
Meagher,Nova Scotia
Meaghers Grant,Nova Scotia
Meaghers Hill,Nova Scotia
Meat Cove,Nova Scotia
Medford,Nova Scotia
Meiklefield,Nova Scotia
Meisners Section,Nova Scotia
Melanson,Nova Scotia
Melbourne,Nova Scotia
Melford,Nova Scotia
Melmerby Beach,Nova Scotia
Melrose,Nova Scotia
Melrose Hill,Nova Scotia
Melvern Square,Nova Scotia
Melville,Nova Scotia
Melville,Nova Scotia
Melville Cove,Nova Scotia
Membertou,Nova Scotia
Merigomish,Nova Scotia
Merland,Nova Scotia
Mersey Point,Nova Scotia
Meteghan,Nova Scotia
Meteghan Centre,Nova Scotia
Meteghan River,Nova Scotia
Meteghan Station,Nova Scotia
Micmac,Nova Scotia
Micmac,Nova Scotia
Micmac Village,Nova Scotia
Middle Barneys River,Nova Scotia
Middleboro,Nova Scotia
Middle Cape,Nova Scotia
Middle Clyde River,Nova Scotia
Middle Country Harbour,Nova Scotia
Middle East Pubnico,Nova Scotia
Middlefield,Nova Scotia
Middle LaHave,Nova Scotia
Middle Melford,Nova Scotia
Middle Musquodoboit,Nova Scotia
Middle New Cornwall,Nova Scotia
Middle Ohio,Nova Scotia
Middle Pereau,Nova Scotia
Middle Porters Lake,Nova Scotia
Middle River,Nova Scotia
Middle River,Nova Scotia
Middle Sackville,Nova Scotia
Middle Stewiacke,Nova Scotia
Middleton,Nova Scotia
Middleton,Nova Scotia
Middleton,Nova Scotia
Middleton Corner,Nova Scotia
Middle Village,Nova Scotia
Middle West Pubnico,Nova Scotia
Middlewood,Nova Scotia
Midville Branch,Nova Scotia
Milford,Nova Scotia
Milford,Nova Scotia
Milford Station,Nova Scotia
Militia Point,Nova Scotia
Millbrook,Nova Scotia
Millbrook,Nova Scotia
Mill Brook,Nova Scotia
Mill Cove,Nova Scotia
Mill Creek,Nova Scotia
Mill Creek,Nova Scotia
Miller Creek,Nova Scotia
Miller Road,Nova Scotia
Millers Corner,Nova Scotia
Millers Corner,Nova Scotia
Mill Lake,Nova Scotia
Mill Lake,Nova Scotia
Mill Pond,Nova Scotia
Mill Road,Nova Scotia
Mill Section,Nova Scotia
Millstream,Nova Scotia
Millsville,Nova Scotia
Millvale,Nova Scotia
Millview,Nova Scotia
Mill Village,Nova Scotia
Mill Village,Nova Scotia
Millville,Nova Scotia
Millville,Nova Scotia
Milton,Nova Scotia
Milton,Nova Scotia
Milton Highlands,Nova Scotia
Minasville,Nova Scotia
Mineville,Nova Scotia
Mink Cove,Nova Scotia
Minudie,Nova Scotia
Mira Gut,Nova Scotia
Miramichi,Nova Scotia
Mira Road,Nova Scotia
Mitchell Bay,Nova Scotia
Molega,Nova Scotia
Molega Lake,Nova Scotia
Molega North,Nova Scotia
Monastery,Nova Scotia
Monks Head,Nova Scotia
Montague Gold Mines,Nova Scotia
Montavista,Nova Scotia
Montrose,Nova Scotia
Moodys Corner,Nova Scotia
Moose Brook,Nova Scotia
Moose Harbour,Nova Scotia
Moosehead,Nova Scotia
Moosehead Island,Nova Scotia
Moose Hill,Nova Scotia
Moose Lake,Nova Scotia
Moose Lake,Nova Scotia
Mooseland,Nova Scotia
Moose Point,Nova Scotia
Moose River,Nova Scotia
Moose River,Nova Scotia
Moose River Gold Mines,Nova Scotia
Morar,Nova Scotia
Morden,Nova Scotia
Morganville,Nova Scotia
Morien,Nova Scotia
Morien Hill,Nova Scotia
Morien Junction,Nova Scotia
Morris Island,Nova Scotia
Morrison Road,Nova Scotia
Morristown,Nova Scotia
Morristown,Nova Scotia
Moschelle,Nova Scotia
Moser River,Nova Scotia
Moshers Corner,Nova Scotia
Moshers Island,Nova Scotia
Mosherville,Nova Scotia
Mossman Corner,Nova Scotia
Mountain Front,Nova Scotia
Mountain Road,Nova Scotia
Mount Auburn,Nova Scotia
Mount Denson,Nova Scotia
Mount Hanley,Nova Scotia
Mount Merrit,Nova Scotia
Mount Pleasant,Nova Scotia
Mount Pleasant,Nova Scotia
Mount Pleasant,Nova Scotia
Mount Pleasant,Nova Scotia
Mount Pleasant,Nova Scotia
Mount Rose,Nova Scotia
Mount Thom,Nova Scotia
Mount Uniacke,Nova Scotia
Mount Uniacke Gold District,Nova Scotia
Mountville,Nova Scotia
Mount William,Nova Scotia
Mount Young,Nova Scotia
Mulgrave,Nova Scotia
Mulgrave Park,Nova Scotia
Mull River,Nova Scotia
Murchyville,Nova Scotia
Murphy Cove,Nova Scotia
Murphy Lake,Nova Scotia
Murray,Nova Scotia
Murray Siding,Nova Scotia
Murrays Siding,Nova Scotia
Mushaboom,Nova Scotia
Musquodoboit Harbour,Nova Scotia
Myers Point,Nova Scotia
Nappan,Nova Scotia
Naugle,Nova Scotia
Nauglers Settlement,Nova Scotia
Necum Teuch,Nova Scotia
Neils Harbour,Nova Scotia
Nevada Valley,Nova Scotia
New Aberdeen,Nova Scotia
New Boston,Nova Scotia
New Britain,Nova Scotia
Newburne,Nova Scotia
New Campbellton,Nova Scotia
New Canaan,Nova Scotia
New Canada,Nova Scotia
New Chester,Nova Scotia
Newcomb Corner,Nova Scotia
Newcombville,Nova Scotia
New Cumberland,Nova Scotia
New Dominion,Nova Scotia
New Edinburgh,Nova Scotia
Newellton,Nova Scotia
New Elm,Nova Scotia
New France,Nova Scotia
New France,Nova Scotia
New Gairloch,Nova Scotia
New Germany,Nova Scotia
New Glasgow,Nova Scotia
New Glen,Nova Scotia
New Grafton,Nova Scotia
New Harbour,Nova Scotia
New Harbour,Nova Scotia
New Harbour East,Nova Scotia
New Harbour West,Nova Scotia
New Harris Forks,Nova Scotia
New Harris Settlement,Nova Scotia
New Haven,Nova Scotia
New Lairg,Nova Scotia
New Minas,Nova Scotia
Newport,Nova Scotia
Newport Corner,Nova Scotia
Newport Landing,Nova Scotia
Newport Station,Nova Scotia
New Prospect,Nova Scotia
New Ross,Nova Scotia
New Russell,Nova Scotia
New Salem,Nova Scotia
Newton Mills,Nova Scotia
Newtonville,Nova Scotia
Newtown,Nova Scotia
Newtown,Nova Scotia
New Truro Road,Nova Scotia
New Tusket,Nova Scotia
New Victoria,Nova Scotia
New Waterford,Nova Scotia
New Yarmouth,Nova Scotia
Nicholsville,Nova Scotia
Nictaux,Nova Scotia
Nictaux Falls,Nova Scotia
Nictaux South,Nova Scotia
Nictaux West,Nova Scotia
Nine Mile River,Nova Scotia
Nine Mile Woods,Nova Scotia
Nineveh,Nova Scotia
Nineveh,Nova Scotia
Noel,Nova Scotia
Noel Road,Nova Scotia
Noel Shore,Nova Scotia
North Ainslie,Nova Scotia
North Alton,Nova Scotia
North Beaver Bank,Nova Scotia
North Bloomfield,Nova Scotia
North Brookfield,Nova Scotia
North Cape Highlands,Nova Scotia
North Chegoggin,Nova Scotia
North Earltown,Nova Scotia
North East Harbour,Nova Scotia
Northeast Mabou,Nova Scotia
North East Margaree,Nova Scotia
North East Point,Nova Scotia
Northfield,Nova Scotia
Northfield,Nova Scotia
North Fourchu,Nova Scotia
North Framboise,Nova Scotia
North Glen,Nova Scotia
North Grand Pré,Nova Scotia
North Grant,Nova Scotia
North Greville,Nova Scotia
North Intervale,Nova Scotia
North Kemptville,Nova Scotia
North Kentville,Nova Scotia
North Kingston,Nova Scotia
North Lakevale,Nova Scotia
North Lochaber,Nova Scotia
North Medford,Nova Scotia
North Middleboro,Nova Scotia
North Noel Road,Nova Scotia
North Ogden,Nova Scotia
Northport,Nova Scotia
North Preston,Nova Scotia
North Range,Nova Scotia
North River,Nova Scotia
North River,Nova Scotia
North River Bridge,Nova Scotia
North River Centre,Nova Scotia
North Riverside,Nova Scotia
North Salem,Nova Scotia
Norths Corner,Nova Scotia
North Shore,Nova Scotia
North Shore,Nova Scotia
Northside East Bay,Nova Scotia
North Side Whycocomagh Bay,Nova Scotia
North Sydney,Nova Scotia
Northville,Nova Scotia
North Wallace,Nova Scotia
North Wallace Bay,Nova Scotia
Northwest,Nova Scotia
North West Arm,Nova Scotia
Northwest Cove,Nova Scotia
North West Harbour,Nova Scotia
North Williamston,Nova Scotia
Norwood,Nova Scotia
Nuttby,Nova Scotia
Nyanza,Nova Scotia
Oakfield,Nova Scotia
Oakfield,Nova Scotia
Oakhill,Nova Scotia
Oakland,Nova Scotia
Oakland Lake,Nova Scotia
Oak Park,Nova Scotia
Oban,Nova Scotia
Oceanview,Nova Scotia
Ogden,Nova Scotia
Ogilvie,Nova Scotia
Ohio,Nova Scotia
Ohio,Nova Scotia
Old Barns,Nova Scotia
Old Cobequid Road,Nova Scotia
Oldham,Nova Scotia
Old Holland Road,Nova Scotia
Oliver,Nova Scotia
Onslow,Nova Scotia
Onslow Mountain,Nova Scotia
Orangedale,Nova Scotia
Orangedale East,Nova Scotia
Oregon,Nova Scotia
Osborne Harbour,Nova Scotia
Ostrea Lake,Nova Scotia
Ottawa Brook,Nova Scotia
Otter Brook,Nova Scotia
Otter Lake,Nova Scotia
Outram,Nova Scotia
Overton,Nova Scotia
Owls Head,Nova Scotia
Owls Head Harbour,Nova Scotia
Oxford,Nova Scotia
Oxford Junction,Nova Scotia
Oyster Pond,Nova Scotia
Pace Settlement,Nova Scotia
Panuke Lake,Nova Scotia
Panuke Road,Nova Scotia
Paradise,Nova Scotia
Parkdale,Nova Scotia
Parkdale,Nova Scotia
Parker Meadows,Nova Scotia
Parker Road,Nova Scotia
Parkers Cove,Nova Scotia
Parrsboro,Nova Scotia
Passchendaele,Nova Scotia
Peas Brook,Nova Scotia
Peck Meadow Corner,Nova Scotia
Peggys Cove,Nova Scotia
Pembroke,Nova Scotia
Pembroke,Nova Scotia
Pentz,Nova Scotia
Perotte,Nova Scotia
Petain,Nova Scotia
Peters Stillwater,Nova Scotia
Petit-de-Grat,Nova Scotia
Petite Rivière Bridge,Nova Scotia
Petit Étang,Nova Scotia
Pettigrew Settlement,Nova Scotia
Philips Harbour,Nova Scotia
Phinneys Cove,Nova Scotia
Pictou,Nova Scotia
Pictou Island,Nova Scotia
Pictou Landing,Nova Scotia
Piedmont,Nova Scotia
Pine Grove,Nova Scotia
Pine Grove,Nova Scotia
Pinehurst,Nova Scotia
Pine Tree,Nova Scotia
Pinevale,Nova Scotia
Pinkneys Point,Nova Scotia
Pinnacle Hill,Nova Scotia
Pipers Cove,Nova Scotia
Pipers Glen,Nova Scotia
Pirate Harbour,Nova Scotia
Pitchers Farm,Nova Scotia
Plainfield,Nova Scotia
Plaister Mines,Nova Scotia
Plaster Cove,Nova Scotia
Plateau,Nova Scotia
Pleasant Bay,Nova Scotia
Pleasantfield,Nova Scotia
Pleasant Harbour,Nova Scotia
Pleasant Hill,Nova Scotia
Pleasant Hills,Nova Scotia
Pleasant Lake,Nova Scotia
Pleasant Point,Nova Scotia
Pleasant Point,Nova Scotia
Pleasant River,Nova Scotia
Pleasant River Lake,Nova Scotia
Pleasant Valley,Nova Scotia
Pleasant Valley,Nova Scotia
Pleasant Valley,Nova Scotia
Pleasant Valley,Nova Scotia
Pleasantville,Nova Scotia
Plymouth,Nova Scotia
Plymouth,Nova Scotia
Plymouth Park,Nova Scotia
Plympton,Nova Scotia
Plympton Station,Nova Scotia
Pockwock,Nova Scotia
Point Aconi,Nova Scotia
Point Cross,Nova Scotia
Point Edward,Nova Scotia
Point Hill,Nova Scotia
Point Michaud,Nova Scotia
Point Tupper,Nova Scotia
Poirierville,Nova Scotia
Poison Lake,Nova Scotia
Polsons Brook,Nova Scotia
Pomquet,Nova Scotia
Pomquet Forks,Nova Scotia
Pomquet River,Nova Scotia
Pomquet Station,Nova Scotia
Ponds,Nova Scotia
Pondville,Nova Scotia
Pondville South,Nova Scotia
Popes Harbour,Nova Scotia
Poplar Grove,Nova Scotia
Poplar Hill,Nova Scotia
Portage,Nova Scotia
Portapique,Nova Scotia
Portapique Mountain,Nova Scotia
Port Ban,Nova Scotia
Port Bevis,Nova Scotia
Port Bickerton,Nova Scotia
Port Caledonia,Nova Scotia
Port Clyde,Nova Scotia
Port Dufferin,Nova Scotia
Port Dufferin West,Nova Scotia
Porter,Nova Scotia
Porters Lake,Nova Scotia
Port Felix,Nova Scotia
Port George,Nova Scotia
Port Greville,Nova Scotia
Port Hastings,Nova Scotia
Port Hawkesbury,Nova Scotia
Port Hilford,Nova Scotia
Port Hood,Nova Scotia
Port Hood Island,Nova Scotia
Port Hood Station,Nova Scotia
Port Howe,Nova Scotia
Port Joli,Nova Scotia
Port La Tour,Nova Scotia
Port L'Hebert,Nova Scotia
Port Lorne,Nova Scotia
Port Maitland,Nova Scotia
Port Malcolm,Nova Scotia
Port Medway,Nova Scotia
Port Morien,Nova Scotia
Port Mouton,Nova Scotia
Portobello,Nova Scotia
Port Philip,Nova Scotia
Portree,Nova Scotia
Port Richmond,Nova Scotia
Port Royal,Nova Scotia
Port Royal,Nova Scotia
Port Saxon,Nova Scotia
Port Shoreham,Nova Scotia
Portuguese Cove,Nova Scotia
Port Wade,Nova Scotia
Port Wallace,Nova Scotia
Port Williams,Nova Scotia
Post Road,Nova Scotia
Poulamon,Nova Scotia
Preston,Nova Scotia
Priestville,Nova Scotia
Prime Brook,Nova Scotia
Prince Albert,Nova Scotia
Princedale,Nova Scotia
Princeport,Nova Scotia
Princeport Road,Nova Scotia
Princes Lodge,Nova Scotia
Princeville,Nova Scotia
Prospect,Nova Scotia
Prospect,Nova Scotia
Prospect Bay,Nova Scotia
Pubnico,Nova Scotia
Pugwash,Nova Scotia
Pugwash Junction,Nova Scotia
Pugwash Point,Nova Scotia
Pugwash River,Nova Scotia
Purcells Cove,Nova Scotia
Purlbrook,Nova Scotia
Quarry Saint Anns,Nova Scotia
Queensland,Nova Scotia
Queensport,Nova Scotia
Queensville,Nova Scotia
Quinan,Nova Scotia
Quinns Meadow,Nova Scotia
Ragged Reef,Nova Scotia
Rainbow Haven,Nova Scotia
Ramseys,Nova Scotia
Rankinville,Nova Scotia
Rawdon Gold Mines,Nova Scotia
Raynardton,Nova Scotia
Rear Balls Creek,Nova Scotia
Rear Big Hill,Nova Scotia
Rear Big Pond,Nova Scotia
Rear Black River,Nova Scotia
Rear Boisdale,Nova Scotia
Rear Christmas Island,Nova Scotia
Rear Dunvegan,Nova Scotia
Rear Estmere,Nova Scotia
Rear Forks,Nova Scotia
Rear Georgeville,Nova Scotia
Rear Judique Chapel,Nova Scotia
Rear Judique South,Nova Scotia
Rear Little River,Nova Scotia
Rear Monastery,Nova Scotia
Rear of East Bay,Nova Scotia
Red Islands,Nova Scotia
Red Point,Nova Scotia
Red Point East,Nova Scotia
Red River,Nova Scotia
Red River,Nova Scotia
Reid,Nova Scotia
Reids Hill,Nova Scotia
Renfrew,Nova Scotia
Reserve Mines,Nova Scotia
Reserve Rows,Nova Scotia
Reynoldscroft,Nova Scotia
Rhodena,Nova Scotia
Rhodes Corner,Nova Scotia
Richfield,Nova Scotia
Richmond,Nova Scotia
Richmond,Nova Scotia
Rines Creek,Nova Scotia
River Bennet,Nova Scotia
River Bourgeois,Nova Scotia
River Centre,Nova Scotia
Riverdale,Nova Scotia
River Denys,Nova Scotia
River Denys Centre,Nova Scotia
River Denys Road,Nova Scotia
River Denys Station,Nova Scotia
Riverhead,Nova Scotia
River Head,Nova Scotia
River Hebert,Nova Scotia
River Hebert East,Nova Scotia
River John,Nova Scotia
River Lake,Nova Scotia
River Philip,Nova Scotia
River Philip Centre,Nova Scotia
Riverport,Nova Scotia
River Ryan,Nova Scotia
Riversdale,Nova Scotia
Riversdale,Nova Scotia
Riverside,Nova Scotia
Riverside,Nova Scotia
Riverside,Nova Scotia
Riverside Beach,Nova Scotia
Riverside Corner,Nova Scotia
River Tillard,Nova Scotia
Riverton,Nova Scotia
Riverton Heights,Nova Scotia
Riverview,Nova Scotia
Riverview,Nova Scotia
Riverville,Nova Scotia
Rivulet,Nova Scotia
Roachvale,Nova Scotia
Roberta,Nova Scotia
Roberts Island,Nova Scotia
Robins,Nova Scotia
Robinson Corner,Nova Scotia
Robinsons Corner,Nova Scotia
Rocco Point,Nova Scotia
Rockdale,Nova Scotia
Rock Elm,Nova Scotia
Rockfield,Nova Scotia
Rockingham,Nova Scotia
Rockland,Nova Scotia
Rockland,Nova Scotia
Rockley,Nova Scotia
Rocklin,Nova Scotia
Rockville,Nova Scotia
Rockville Notch,Nova Scotia
Rocky Bay,Nova Scotia
Rocky Mountain,Nova Scotia
Rocky Ridge,Nova Scotia
Rodney,Nova Scotia
Rogers,Nova Scotia
Rogers Hill,Nova Scotia
Rogers Hill Cross Roads,Nova Scotia
Roman Valley,Nova Scotia
Rose,Nova Scotia
Rose Bay,Nova Scotia
Roseburn,Nova Scotia
Rosedale,Nova Scotia
Roseland,Nova Scotia
Roseway,Nova Scotia
Roslin,Nova Scotia
Ross Corner,Nova Scotia
Ross Creek,Nova Scotia
Ross Ferry,Nova Scotia
Rossfield,Nova Scotia
Rossway,Nova Scotia
Roulston Corner,Nova Scotia
Round Bay,Nova Scotia
Round Hill,Nova Scotia
Round Island,Nova Scotia
Round Lake,Nova Scotia
Roxbury,Nova Scotia
Roxville,Nova Scotia
Sable River,Nova Scotia
Sable River Station,Nova Scotia
Sable River West,Nova Scotia
Saint Alphonse,Nova Scotia
Saint Andrews,Nova Scotia
Saint Andrews Channel,Nova Scotia
Saint Anns,Nova Scotia
Saint Benoni,Nova Scotia
Saint Bernard,Nova Scotia
Saint Catherines River,Nova Scotia
Saint Columba,Nova Scotia
Saint Croix,Nova Scotia
Saint Croix Cove,Nova Scotia
Sainte Anne du Ruisseau,Nova Scotia
Saint Esprit,Nova Scotia
Saint Francis Harbour,Nova Scotia
Saint Georges Channel,Nova Scotia
Saint Joseph,Nova Scotia
Saint Joseph,Nova Scotia
Saint Joseph du Moine,Nova Scotia
Saint Margaret Village,Nova Scotia
Saint Martin,Nova Scotia
Saint Marys,Nova Scotia
Saint Marys River,Nova Scotia
Saint Ninian,Nova Scotia
Saint Patricks Channel,Nova Scotia
Saint Pauls,Nova Scotia
Saint Peter's,Nova Scotia
Saint Peters Junction,Nova Scotia
Saint Rose,Nova Scotia
Saints Rest,Nova Scotia
Salem,Nova Scotia
Salem Road,Nova Scotia
Salmon River,Nova Scotia
Salmon River,Nova Scotia
Salmon River,Nova Scotia
Salmon River Bridge,Nova Scotia
Salmon River Lake,Nova Scotia
Salmon River Road,Nova Scotia
Salmontail Lake,Nova Scotia
Salt Springs,Nova Scotia
Salt Springs,Nova Scotia
Salt Springs,Nova Scotia
Salt Springs Station,Nova Scotia
Sambro,Nova Scotia
Sambro Creek,Nova Scotia
Sambro Head,Nova Scotia
Sampsons Cove,Nova Scotia
Sampsonville,Nova Scotia
Sand Beach,Nova Scotia
Sandfield,Nova Scotia
Sandford,Nova Scotia
Sand Lake,Nova Scotia
Sand Point,Nova Scotia
Sand Point,Nova Scotia
Sand River,Nova Scotia
Sandy Bay Landings,Nova Scotia
Sandy Cove,Nova Scotia
Sandy Cove,Nova Scotia
Sandy Cove,Nova Scotia
Sandy Point,Nova Scotia
Sangaree,Nova Scotia
Saulnierville,Nova Scotia
Saulnierville Station,Nova Scotia
Scarsdale,Nova Scotia
Scatarie Island,Nova Scotia
Schnares Crossing,Nova Scotia
Schooner Pond,Nova Scotia
Scotch Hill,Nova Scotia
Scotch Hill,Nova Scotia
Scotch Lake,Nova Scotia
Scotchtown,Nova Scotia
Scotch Village,Nova Scotia
Scots Bay,Nova Scotia
Scots Bay Road,Nova Scotia
Scotsburn,Nova Scotia
Scotsville,Nova Scotia
Scrabble Hill,Nova Scotia
Scrag Lake,Nova Scotia
Seabright,Nova Scotia
Seabrook,Nova Scotia
Seafoam,Nova Scotia
Seaforth,Nova Scotia
Seagrove,Nova Scotia
Seal Cove,Nova Scotia
Seal Harbour,Nova Scotia
Seal Island,Nova Scotia
Seaview,Nova Scotia
Second Peninsula,Nova Scotia
Seffernville,Nova Scotia
Selfridge Corner,Nova Scotia
Selma,Nova Scotia
Shad Bay,Nova Scotia
Shag Harbour,Nova Scotia
Shannon Park,Nova Scotia
Shaw Island,Nova Scotia
Shaws Bog,Nova Scotia
Shearwater,Nova Scotia
Sheepherders Junction,Nova Scotia
Sheet Harbour,Nova Scotia
Sheet Harbour Passage,Nova Scotia
Sheet Harbour Road,Nova Scotia
Sheffield Mills,Nova Scotia
Shelburne,Nova Scotia
Sheldrake Lake,Nova Scotia
Shenacadie,Nova Scotia
Sherbrooke,Nova Scotia
Sherose Island,Nova Scotia
Sherwood,Nova Scotia
Sherwood Heights,Nova Scotia
Sherwood Park,Nova Scotia
Shinimicas,Nova Scotia
Shinimicas Bridge,Nova Scotia
Ship Harbour,Nova Scotia
Short Beach,Nova Scotia
Shortts Lake,Nova Scotia
Shubenacadie,Nova Scotia
Shubenacadie East,Nova Scotia
Shulie,Nova Scotia
Sight Point,Nova Scotia
Silver Mine,Nova Scotia
Simms Settlement,Nova Scotia
Simpson Lake,Nova Scotia
Simpsons Corner,Nova Scotia
Sissiboo Falls,Nova Scotia
Sissiboo Grand Lake,Nova Scotia
Six Mile Brook,Nova Scotia
Six Mile Road,Nova Scotia
Skir Dhu,Nova Scotia
Skye Glen,Nova Scotia
Skye Mountain,Nova Scotia
Sluice Point,Nova Scotia
Smelt Brook,Nova Scotia
Smith Cove,Nova Scotia
Smithfield,Nova Scotia
Smithfield,Nova Scotia
Smiths Corner,Nova Scotia
Smiths Cove,Nova Scotia
Smiths Settlement,Nova Scotia
Smithsville,Nova Scotia
Smithville,Nova Scotia
Soapstone Mine,Nova Scotia
Sober Island,Nova Scotia
Soldiers Cove,Nova Scotia
Soldiers Cove West,Nova Scotia
Somerset,Nova Scotia
Somerset,Nova Scotia
Sonora,Nova Scotia
South Alton,Nova Scotia
Southampton,Nova Scotia
South Athol,Nova Scotia
South Bar,Nova Scotia
South Berwick,Nova Scotia
South Branch,Nova Scotia
South Brook,Nova Scotia
South Brookfield,Nova Scotia
South Cape Highlands,Nova Scotia
South Chegoggin,Nova Scotia
South Cove,Nova Scotia
Southdale,Nova Scotia
South East Passage,Nova Scotia
South Farmington,Nova Scotia
South Greenwood,Nova Scotia
South Harbour,Nova Scotia
South Haven,Nova Scotia
South Head,Nova Scotia
South Ingonish Harbour,Nova Scotia
South Lake Ainslie,Nova Scotia
South Lochaber,Nova Scotia
South Maitland,Nova Scotia
South Merland,Nova Scotia
South Middleboro,Nova Scotia
South Milford,Nova Scotia
South Ohio,Nova Scotia
South Port Morien,Nova Scotia
South Pugwash,Nova Scotia
South Quinan,Nova Scotia
South Range,Nova Scotia
South Range Corner,Nova Scotia
South Rawdon,Nova Scotia
South River Lake,Nova Scotia
South River Road,Nova Scotia
South River Station,Nova Scotia
South Salt Springs,Nova Scotia
South Scots Bay,Nova Scotia
South Section,Nova Scotia
South Shore,Nova Scotia
South Side,Nova Scotia
South Side Basin of River Denys,Nova Scotia
Southside Boularderie,Nova Scotia
Southside Harbour,Nova Scotia
South Side of Baddeck River,Nova Scotia
South Side of Boularderie,Nova Scotia
South Side River Bourgeois,Nova Scotia
South Side River Denys,Nova Scotia
South Side Whycocomagh Bay,Nova Scotia
South Tremont,Nova Scotia
South Uniacke,Nova Scotia
South Victoria,Nova Scotia
Southville,Nova Scotia
South Wallace Bay,Nova Scotia
South Waterville,Nova Scotia
Southwest Cove,Nova Scotia
Southwest Mabou,Nova Scotia
South West Margaree,Nova Scotia
South West Port Mouton,Nova Scotia
Southwest Ridge,Nova Scotia
South Williamston,Nova Scotia
Spanish Ship Bay,Nova Scotia
Spar Lake,Nova Scotia
Spa Springs,Nova Scotia
Spectacle Lakes,Nova Scotia
Spencers Island,Nova Scotia
Spicers Cove,Nova Scotia
Sporting Mountain,Nova Scotia
Springdale,Nova Scotia
Springfield,Nova Scotia
Springfield,Nova Scotia
Springfield Lake,Nova Scotia
Springhaven,Nova Scotia
Springhill,Nova Scotia
Springhill Junction,Nova Scotia
Springside,Nova Scotia
Springville,Nova Scotia
Spry Bay,Nova Scotia
Spryfield,Nova Scotia
Spry Harbour,Nova Scotia
Squid Cove,Nova Scotia
Squirreltown,Nova Scotia
Stanburne,Nova Scotia
Stanley,Nova Scotia
Stanley,Nova Scotia
Stanley Section,Nova Scotia
Staples Brook,Nova Scotia
Starrs Point,Nova Scotia
Steam Mill,Nova Scotia
Steam Mill Village,Nova Scotia
Steeles Hill,Nova Scotia
Steep Creek,Nova Scotia
Stellarton,Nova Scotia
Sterling,Nova Scotia
Stevens Mountain,Nova Scotia
Stewartdale,Nova Scotia
Stewiacke,Nova Scotia
Stillman,Nova Scotia
Stillwater,Nova Scotia
Stillwater,Nova Scotia
Stillwater Lake,Nova Scotia
Stirling,Nova Scotia
Stirling Brook,Nova Scotia
Stoddarts,Nova Scotia
Stonehurst East,Nova Scotia
Stonehurst West,Nova Scotia
Stoney Island,Nova Scotia
Stoney Point,Nova Scotia
Stormont,Nova Scotia
Strathcona,Nova Scotia
Strathlorne,Nova Scotia
Strathlorne Station,Nova Scotia
Streets Ridge,Nova Scotia
Stronach Mountain,Nova Scotia
Sugar Camp,Nova Scotia
Sugar Loaf,Nova Scotia
Summerside,Nova Scotia
Summerville,Nova Scotia
Summerville,Nova Scotia
Summerville Centre,Nova Scotia
Sundridge,Nova Scotia
Sunken Lake,Nova Scotia
Sunny Brae,Nova Scotia
Sunnybrook,Nova Scotia
Sunnyville,Nova Scotia
Sunrise,Nova Scotia
Sunset Acres,Nova Scotia
Surettes Island,Nova Scotia
Sutherland Lake,Nova Scotia
Sutherlands River,Nova Scotia
Sweetland,Nova Scotia
Sweets Corner,Nova Scotia
Sydney,Nova Scotia
Sydney Forks,Nova Scotia
Sydney Mines,Nova Scotia
Sydney River,Nova Scotia
Sylvan Valley,Nova Scotia
Sylvester,Nova Scotia
Table Head,Nova Scotia
Tam O'Shanter Ridge,Nova Scotia
Tancook Island,Nova Scotia
Tangier,Nova Scotia
Tanners Settlement,Nova Scotia
Tantallon,Nova Scotia
Tarbot,Nova Scotia
Tarbotvale,Nova Scotia
Tatamagouche,Nova Scotia
Tatamagouche Mountain,Nova Scotia
Taylors Head,Nova Scotia
Taylors Road,Nova Scotia
Telford,Nova Scotia
Ten Mile Lake,Nova Scotia
Tennycape,Nova Scotia
Terence Bay,Nova Scotia
Terence Bay River,Nova Scotia
Terminal Beach,Nova Scotia
Terrace Heights,Nova Scotia
Terra Nova,Nova Scotia
Terre Noire,Nova Scotia
The Falls,Nova Scotia
The Halfway,Nova Scotia
The Hawk,Nova Scotia
The Lodge,Nova Scotia
The Lookoff,Nova Scotia
The Meadows,Nova Scotia
The Medway,Nova Scotia
The Points West Bay,Nova Scotia
Thibeauville,Nova Scotia
Third Lake,Nova Scotia
Thomas Brook,Nova Scotia
Thomasville,Nova Scotia
Thomson Station,Nova Scotia
Thorburn,Nova Scotia
Thornhill,Nova Scotia
Three Brooks,Nova Scotia
Three Fathom Harbour,Nova Scotia
Three Mile Plains,Nova Scotia
Tickle Road,Nova Scotia
Tiddville,Nova Scotia
Tidnish,Nova Scotia
Tidnish Bridge,Nova Scotia
Tidnish Cross Roads,Nova Scotia
Timberlea,Nova Scotia
Tiverton,Nova Scotia
Todds Island,Nova Scotia
Tomahawk Lake,Nova Scotia
Tomkinsville,Nova Scotia
Toms Savannah,Nova Scotia
Toney Mills,Nova Scotia
Toney River,Nova Scotia
Tor Bay,Nova Scotia
Torbrook,Nova Scotia
Torbrook East,Nova Scotia
Torbrook Mines,Nova Scotia
Torbrook West,Nova Scotia
Tower Road,Nova Scotia
Tracadie,Nova Scotia
Trafalgar,Nova Scotia
Tremont,Nova Scotia
Trenton,Nova Scotia
Trout Brook,Nova Scotia
Trout Lake,Nova Scotia
Troy,Nova Scotia
Truemanville,Nova Scotia
Truro,Nova Scotia
Truro Heights,Nova Scotia
Tufts Cove,Nova Scotia
Tupper Lake,Nova Scotia
Tupperville,Nova Scotia
Tusket,Nova Scotia
Tusket Falls,Nova Scotia
Twin Rock Valley,Nova Scotia
Two Islands,Nova Scotia
Two Rivers,Nova Scotia
Tyndal Road,Nova Scotia
Union,Nova Scotia
Union Centre,Nova Scotia
Union Corner,Nova Scotia
Union Square,Nova Scotia
Uplands Park,Nova Scotia
Upper Afton,Nova Scotia
Upper Barneys River,Nova Scotia
Upper Bass River,Nova Scotia
Upper Big Tracadie,Nova Scotia
Upper Blandford,Nova Scotia
Upper Branch,Nova Scotia
Upper Brookfield,Nova Scotia
Upper Brookside,Nova Scotia
Upper Burlington,Nova Scotia
Upper Burnside,Nova Scotia
Upper Canard,Nova Scotia
Upper Chelsea,Nova Scotia
Upper Clarence,Nova Scotia
Upper Clements,Nova Scotia
Upper Clyde River,Nova Scotia
Upper Dyke,Nova Scotia
Upper Economy,Nova Scotia
Upper Falmouth,Nova Scotia
Upper Fox Island,Nova Scotia
Upper Glencoe,Nova Scotia
Upper Grand Mira,Nova Scotia
Upper Granville,Nova Scotia
Upper Gulf Shore,Nova Scotia
Upper Hammonds Plains,Nova Scotia
Upper Kempt Head,Nova Scotia
Upper Kemptown,Nova Scotia
Upper Kennetcook,Nova Scotia
Upper Kingsburg,Nova Scotia
Upper LaHave,Nova Scotia
Upper Lakeville,Nova Scotia
Upper Lawrencetown,Nova Scotia
Upper Leitches Creek,Nova Scotia
Upper Linden,Nova Scotia
Upper Malagash,Nova Scotia
Upper Margaree,Nova Scotia
Upper Middle River,Nova Scotia
Upper Mount Thom,Nova Scotia
Upper Musquodoboit,Nova Scotia
Upper Nappan,Nova Scotia
Upper New Cornwall,Nova Scotia
Upper New Harbour,Nova Scotia
Upper Nine Mile River,Nova Scotia
Upper Northfield,Nova Scotia
Upper North River,Nova Scotia
Upper North Sydney,Nova Scotia
Upper Ohio,Nova Scotia
Upper Onslow,Nova Scotia
Upper Pomquet,Nova Scotia
Upper Port La Tour,Nova Scotia
Upper Rawdon,Nova Scotia
Upper River Denys,Nova Scotia
Upper Sackville,Nova Scotia
Upper Smithfield,Nova Scotia
Upper South River,Nova Scotia
Upper Southwest Mabou,Nova Scotia
Upper Springfield,Nova Scotia
Upper Stewiacke,Nova Scotia
Upper Tantallon,Nova Scotia
Upper Vaughan,Nova Scotia
Upper Washabuck,Nova Scotia
Upper Wedgeport,Nova Scotia
Upper West Pubnico,Nova Scotia
Upper Whitehead,Nova Scotia
Upper Woods Harbour,Nova Scotia
Urbania,Nova Scotia
Valley,Nova Scotia
Valley Cross Roads,Nova Scotia
Valley Mills,Nova Scotia
Valley Road,Nova Scotia
Valley Station,Nova Scotia
Vaughan,Nova Scotia
Victoria,Nova Scotia
Victoria Beach,Nova Scotia
Victoria Bridge,Nova Scotia
Victoria Harbour,Nova Scotia
Victoria Junction,Nova Scotia
Victoria Line,Nova Scotia
Victoria Mines,Nova Scotia
Victoria Road,Nova Scotia
Victoria Vale,Nova Scotia
Victory,Nova Scotia
Viewmount,Nova Scotia
Villagedale,Nova Scotia
Virginia East,Nova Scotia
Voglers Cove,Nova Scotia
Waddens Cove,Nova Scotia
Waldeck,Nova Scotia
Waldeck East,Nova Scotia
Waldeck West,Nova Scotia
Waldegrave,Nova Scotia
Walden,Nova Scotia
Walkerville,Nova Scotia
Wallace,Nova Scotia
Wallace Bay,Nova Scotia
Wallace Bridge,Nova Scotia
Wallace Bridge Station,Nova Scotia
Wallace Grant,Nova Scotia
Wallace Heights,Nova Scotia
Wallace Highlands,Nova Scotia
Wallace Ridge,Nova Scotia
Wallace River,Nova Scotia
Wallace River West,Nova Scotia
Wallace Station,Nova Scotia
Wallbrook,Nova Scotia
Walton,Nova Scotia
Wards Brook,Nova Scotia
Warren,Nova Scotia
Warwick Mountain,Nova Scotia
Washabuck Bridge,Nova Scotia
Washabuck Centre,Nova Scotia
Waterford,Nova Scotia
Waterloo,Nova Scotia
Waterloo Lake,Nova Scotia
Waternish,Nova Scotia
Waterside,Nova Scotia
Watervale,Nova Scotia
Waterville,Nova Scotia
Watford,Nova Scotia
Watt Section,Nova Scotia
Waughs River,Nova Scotia
Waverley,Nova Scotia
Weaver Settlement,Nova Scotia
Websters Corner,Nova Scotia
Wedgeport,Nova Scotia
Wedgewood,Nova Scotia
Wellington,Nova Scotia
Wellington,Nova Scotia
Wellington,Nova Scotia
Wellington Station,Nova Scotia
Welsford,Nova Scotia
Welsford,Nova Scotia
Welshtown,Nova Scotia
Welton Landing,Nova Scotia
Weltons Corner,Nova Scotia
Wentworth,Nova Scotia
Wentworth Centre,Nova Scotia
Wentworth Creek,Nova Scotia
Wentworth Lake,Nova Scotia
Wentworth Station,Nova Scotia
Wentworth Valley,Nova Scotia
Wentzells Lake,Nova Scotia
West Advocate,Nova Scotia
West Alba,Nova Scotia
West Amherst,Nova Scotia
West Apple River,Nova Scotia
West Arichat,Nova Scotia
West Arm Tracadie,Nova Scotia
West Baccaro,Nova Scotia
West Bay,Nova Scotia
West Bay,Nova Scotia
West Bay Centre,Nova Scotia
West Bay Road,Nova Scotia
West Berlin,Nova Scotia
West Black Rock,Nova Scotia
West Branch,Nova Scotia
West Brook,Nova Scotia
West Brooklyn,Nova Scotia
West Caledonia,Nova Scotia
Westchester,Nova Scotia
Westchester Mountain,Nova Scotia
Westchester Station,Nova Scotia
Westchester Valley,Nova Scotia
West Chezzetcook,Nova Scotia
West Clifford,Nova Scotia
West Cooks Cove,Nova Scotia
West Dalhousie,Nova Scotia
West Dover,Nova Scotia
West Dublin,Nova Scotia
West Earltown,Nova Scotia
West East River,Nova Scotia
Westerly,Nova Scotia
Western Head,Nova Scotia
Western Shore,Nova Scotia
Westfield,Nova Scotia
West Glenmont,Nova Scotia
West Gore,Nova Scotia
West Green Harbour,Nova Scotia
West Halls Harbour Road,Nova Scotia
West Hansford,Nova Scotia
West Havre Boucher,Nova Scotia
West Head,Nova Scotia
West Indian Road,Nova Scotia
West Inglisville,Nova Scotia
West Jeddore,Nova Scotia
West LaHave,Nova Scotia
West Lake Ainslie,Nova Scotia
West Lakevale,Nova Scotia
West Lawrencetown,Nova Scotia
West Leicester,Nova Scotia
West Linden,Nova Scotia
West Linwood,Nova Scotia
West Liscomb,Nova Scotia
West Lochaber,Nova Scotia
West Mabou,Nova Scotia
West Middle River,Nova Scotia
West Middle Sable,Nova Scotia
West Montrose,Nova Scotia
Westmount,Nova Scotia
West New Annan,Nova Scotia
West Northfield,Nova Scotia
Weston,Nova Scotia
West Paradise,Nova Scotia
West Pennant,Nova Scotia
West Petpeswick,Nova Scotia
Westphal,Nova Scotia
Westport,Nova Scotia
West Porters Lake,Nova Scotia
West Pubnico,Nova Scotia
West Pugwash,Nova Scotia
West Quoddy,Nova Scotia
West River,Nova Scotia
West River Station,Nova Scotia
West Saint Andrews,Nova Scotia
West Sheet Harbour,Nova Scotia
West Side,Nova Scotia
West Side Country Harbour,Nova Scotia
West Springhill,Nova Scotia
West Tarbot,Nova Scotia
West Tatamagouche,Nova Scotia
Westville,Nova Scotia
Westville Road,Nova Scotia
West Wentworth,Nova Scotia
Weymouth,Nova Scotia
Weymouth Falls,Nova Scotia
Weymouth Mills,Nova Scotia
Weymouth North,Nova Scotia
Whale Cove,Nova Scotia
Wharton,Nova Scotia
Whiteburn Mines,Nova Scotia
Whitehead,Nova Scotia
White Hill,Nova Scotia
White Point,Nova Scotia
White Point,Nova Scotia
White Rock,Nova Scotia
Whites Corner,Nova Scotia
White Settlement,Nova Scotia
Whiteside,Nova Scotia
Whites Lake,Nova Scotia
White Water,Nova Scotia
Whitney Pier,Nova Scotia
Whycocomagh,Nova Scotia
Whycocomagh Portage,Nova Scotia
Whycocomagh Reserve,Nova Scotia
Whynachts Point,Nova Scotia
Whynotts Settlement,Nova Scotia
Wilburn,Nova Scotia
Wildcat Lake,Nova Scotia
Wildwood Lake,Nova Scotia
Wile Settlement,Nova Scotia
Wileville,Nova Scotia
Williamsdale,Nova Scotia
Williams Point,Nova Scotia
Williamswood,Nova Scotia
Willowdale,Nova Scotia
Willowdale,Nova Scotia
Wilmot,Nova Scotia
Wilsons Cove,Nova Scotia
Windermere,Nova Scotia
Windham Hill,Nova Scotia
Windsor,Nova Scotia
Windsor Forks,Nova Scotia
Windsor Junction,Nova Scotia
Windsor Road,Nova Scotia
Wine Harbour,Nova Scotia
Wittenburg,Nova Scotia
Wolfes Landing,Nova Scotia
Wolfville,Nova Scotia
Wolfville Ridge,Nova Scotia
Woodbine,Nova Scotia
Woodburn,Nova Scotia
Woodburn Station,Nova Scotia
Woodfield,Nova Scotia
Woodlawn,Nova Scotia
Woodlawn Heights,Nova Scotia
Woodside,Nova Scotia
Woodside,Nova Scotia
Woodstock,Nova Scotia
Woodvale,Nova Scotia
Woodville,Nova Scotia
Woodville,Nova Scotia
Wreck Cove,Nova Scotia
Wrights Cove,Nova Scotia
Wrights Lake,Nova Scotia
Wyses Corner,Nova Scotia
Wyvern,Nova Scotia
Yankee Line,Nova Scotia
Yankeetown,Nova Scotia
Yarmouth,Nova Scotia
Yarmouth Bar,Nova Scotia
Yellow Marsh,Nova Scotia
Yorke Settlement,Nova Scotia
Youngs Cove,Nova Scotia
